,alias,display_phone,distance,id,image_url,name,phone,price,rating,review_count,url,latitude,longitude,address1,address2,address3,city,zip_code,country,state,display_address,category1,category2,alias,title
0,the-english-rose-cafe-and-tea-shop-london,+44 20 7976 6280,1745.469334,BjPq77aiaKZAVUHIu2S3gA,https://s3-media1.fl.yelpcdn.com/bphoto/B_v1cOkgPEcbr8e2rtfaog/o.jpg,The English Rose Cafe and Tea Shop,4.42E+11,££,4.5,156,https://www.yelp.com/biz/the-english-rose-cafe-and-tea-shop-london?adjust_creative=DyUgVCPdVoHcT1xSjEeaEw&utm_campaign=yelp_api_v3&utm_medium=api_v3_business_search&utm_source=DyUgVCPdVoHcT1xSjEeaEw,51.4980558,-0.1444512,4 Lower Grosvenor Place,,,London,SW1W 0EJ,GB,XGL,"4 Lower Grosvenor Place, London SW1W 0EJ","{alias: breakfast_brunch, title: Breakfast & Brunch}","{alias: cafes, title: Cafes}",coffee,Coffee & Tea
1,japan-centre-london-5,+44 20 3405 1246,465.5415651,e191n3v6pNzE2DxkBXgAkw,https://s3-media1.fl.yelpcdn.com/bphoto/JKxb8SYbwvBrTh6WelZz1g/o.jpg,Japan Centre,4.42E+11,££,4,167,https://www.yelp.com/biz/japan-centre-london-5?adjust_creative=DyUgVCPdVoHcT1xSjEeaEw&utm_campaign=yelp_api_v3&utm_medium=api_v3_business_search&utm_source=DyUgVCPdVoHcT1xSjEeaEw,51.509734,-0.131437,35b Panton Street,,,London,SW1Y 4EA,GB,XGL,"35b Panton Street, London SW1Y 4EA",,,intlgrocery,International Grocery
2,ladurée-london-8,+44 20 3155 0111,2439.581715,x5vg6DMQQjiuZ2SQVKhIAg,https://s3-media3.fl.yelpcdn.com/bphoto/SRqHeyxF7U1xazQ1aKR3sA/o.jpg,Ladurée,4.42E+11,£££,4,127,https://www.yelp.com/biz/ladur%C3%A9e-london-8?adjust_creative=DyUgVCPdVoHcT1xSjEeaEw&utm_campaign=yelp_api_v3&utm_medium=api_v3_business_search&utm_source=DyUgVCPdVoHcT1xSjEeaEw,51.49848517,-0.162618309,87 Brompton Road,Harrods,,London,SW1X 7XL,GB,XGL,"87 Brompton Road, Harrods, London SW1X 7XL","{alias: macarons, title: Macarons}","{alias: chocolate, title: Chocolatiers & Shops}",delicatessen,Delicatessen
3,laduree-london-14,+44 20 7491 9155,557.4749358,OGW03dLcEui-6CWZIucVMw,https://s3-media3.fl.yelpcdn.com/bphoto/gnAH2qu0IqhJq3NQA1h8Jg/o.jpg,Laduree,4.42E+11,£££,4.5,71,https://www.yelp.com/biz/laduree-london-14?adjust_creative=DyUgVCPdVoHcT1xSjEeaEw&utm_campaign=yelp_api_v3&utm_medium=api_v3_business_search&utm_source=DyUgVCPdVoHcT1xSjEeaEw,51.50835725,-0.139577355,71-72 Burlington Arcade,,,London,W1J 0QX,GB,XGL,"71-72 Burlington Arcade, London W1J 0QX","{alias: delicatessen, title: Delicatessen}","{alias: cakeshop, title: Patisserie/Cake Shop}",macarons,Macarons
4,biju-bubble-tea-room-london,+44 20 7287 4040,251.3747548,#NAME?,https://s3-media4.fl.yelpcdn.com/bphoto/ngfR2c7s0MZx33bLbRA9kw/o.jpg,Biju Bubble Tea Room,4.42E+11,£,4,135,https://www.yelp.com/biz/biju-bubble-tea-room-london?adjust_creative=DyUgVCPdVoHcT1xSjEeaEw&utm_campaign=yelp_api_v3&utm_medium=api_v3_business_search&utm_source=DyUgVCPdVoHcT1xSjEeaEw,51.51268,-0.13232,45 Old Compton Street,Soho,,London,W1D 6HQ,GB,XGL,"45 Old Compton Street, Soho, London W1D 6HQ","{alias: bubbletea, title: Bubble Tea}",,coffee,Coffee & Tea
5,casa-tua-london-2,+44 20 7833 1483,1855.786405,E_3NekwxctQ3BzN7tLKk2A,https://s3-media1.fl.yelpcdn.com/bphoto/rRU7bwEPDvoE2zhRkHl_2g/o.jpg,Casa Tua,4.42E+11,£,4.5,39,https://www.yelp.com/biz/casa-tua-london-2?adjust_creative=DyUgVCPdVoHcT1xSjEeaEw&utm_campaign=yelp_api_v3&utm_medium=api_v3_business_search&utm_source=DyUgVCPdVoHcT1xSjEeaEw,51.5276449,-0.123588236,106 Cromer Street,,,London,WC1H 8BZ,GB,XGL,"106 Cromer Street, London WC1H 8BZ","{alias: italian, title: Italian}","{alias: breakfast_brunch, title: Breakfast & Brunch}",coffee,Coffee & Tea
6,joe-and-the-juice-london,+44 20 7355 1000,585.6274532,LtKwDYJMa1Ud_6MrsIOKvQ,https://s3-media3.fl.yelpcdn.com/bphoto/b4rIvMizKwclK4nqTyHBYw/o.jpg,JOE & THE JUICE,4.42E+11,££,4,85,https://www.yelp.com/biz/joe-and-the-juice-london?adjust_creative=DyUgVCPdVoHcT1xSjEeaEw&utm_campaign=yelp_api_v3&utm_medium=api_v3_business_search&utm_source=DyUgVCPdVoHcT1xSjEeaEw,51.5161285,-0.1424872,281 Regent Street,,,London,W1B 2HE,GB,XGL,"281 Regent Street, London W1B 2HE",,,juicebars,Juice Bars & Smoothies
7,over-under-coffee-london-2,+44 7944 494555,4556.965562,BNAddFkvoUGR1l6AL32p8w,https://s3-media1.fl.yelpcdn.com/bphoto/fayedSawKOwV5ef7lQcJ-g/o.jpg,Over Under Coffee,4.48E+11,£,4.5,31,https://www.yelp.com/biz/over-under-coffee-london-2?adjust_creative=DyUgVCPdVoHcT1xSjEeaEw&utm_campaign=yelp_api_v3&utm_medium=api_v3_business_search&utm_source=DyUgVCPdVoHcT1xSjEeaEw,51.4923794,-0.1930041,181A Earls Court Road,,,London,SW5 9RD,GB,XGL,"181A Earls Court Road, London SW5 9RD","{alias: salad, title: Salad}","{alias: sandwiches, title: Sandwiches}",coffee,Coffee & Tea
8,palm-court-london,+44 20 7965 0195,779.2584556,1pUEGW91riUIux0TZWw_4g,https://s3-media3.fl.yelpcdn.com/bphoto/lm0uTmtWFWNdHZ9t_bDGDQ/o.jpg,Palm Court,4.42E+11,£££,4,59,https://www.yelp.com/biz/palm-court-london?adjust_creative=DyUgVCPdVoHcT1xSjEeaEw&utm_campaign=yelp_api_v3&utm_medium=api_v3_business_search&utm_source=DyUgVCPdVoHcT1xSjEeaEw,51.51786106,-0.143804587,1C Portland Place,,,London,W1B 1JA,GB,XGL,"1C Portland Place, London W1B 1JA",,,tea,Tea Rooms
9,the-alchemist-london-3,+44 20 7283 8800,3924.972425,LpIY4AvlAQZqJEZgcFoFPA,https://s3-media3.fl.yelpcdn.com/bphoto/GDtaV7euTxI1qPu8hbSVqg/o.jpg,The Alchemist,4.42E+11,££,4,71,https://www.yelp.com/biz/the-alchemist-london-3?adjust_creative=DyUgVCPdVoHcT1xSjEeaEw&utm_campaign=yelp_api_v3&utm_medium=api_v3_business_search&utm_source=DyUgVCPdVoHcT1xSjEeaEw,51.5150476,-0.0793474,6 Bevis Marks,,,London,EC3A 7BA,GB,XGL,"6 Bevis Marks, London EC3A 7BA","{alias: coffee, title: Coffee & Tea}","{alias: breakfast_brunch, title: Breakfast & Brunch}",cocktailbars,Cocktail Bars
10,paul-a-young-fine-chocolates-london-7,+44 20 7437 0011,170.2334773,UYa92g9auO3Dgar8t3Kz6w,https://s3-media2.fl.yelpcdn.com/bphoto/61sRRXuAHdpcc0mL5oxlMQ/o.jpg,Paul A Young Fine Chocolates,4.42E+11,£££,4.5,30,https://www.yelp.com/biz/paul-a-young-fine-chocolates-london-7?adjust_creative=DyUgVCPdVoHcT1xSjEeaEw&utm_campaign=yelp_api_v3&utm_medium=api_v3_business_search&utm_source=DyUgVCPdVoHcT1xSjEeaEw,51.51411647,-0.134608564,143 Wardour Street,Soho,,London,W1F 8WA,GB,XGL,"143 Wardour Street, Soho, London W1F 8WA",,,chocolate,Chocolatiers & Shops
11,new-london-cafe-london,+44 20 7354 7321,4594.940462,PHTcl--LbBwA1N6EHZV_sg,https://s3-media3.fl.yelpcdn.com/bphoto/toOgrlCSB5212lZO8ElORw/o.jpg,New London Cafe,4.42E+11,£,4.5,24,https://www.yelp.com/biz/new-london-cafe-london?adjust_creative=DyUgVCPdVoHcT1xSjEeaEw&utm_campaign=yelp_api_v3&utm_medium=api_v3_business_search&utm_source=DyUgVCPdVoHcT1xSjEeaEw,51.54691071,-0.098378105,216 St Pauls Road,Islington,,London,N1 2LL,GB,XGL,"216 St Pauls Road, Islington, London N1 2LL","{alias: breakfast_brunch, title: Breakfast & Brunch}","{alias: burgers, title: Burgers}",coffee,Coffee & Tea
12,albion-shoreditch-at-the-boundary-project-london,+44 20 7729 1051,4326.700274,4QK1kQOde5RZ6PNTfo7wug,https://s3-media2.fl.yelpcdn.com/bphoto/Yp-hDbMZx_MK4vgtFcwgWw/o.jpg,Albion Shoreditch at The Boundary Project,4.42E+11,££,3.5,102,https://www.yelp.com/biz/albion-shoreditch-at-the-boundary-project-london?adjust_creative=DyUgVCPdVoHcT1xSjEeaEw&utm_campaign=yelp_api_v3&utm_medium=api_v3_business_search&utm_source=DyUgVCPdVoHcT1xSjEeaEw,51.524137,-0.076235,2-4 Boundary Street,,,London,E2 7DD,GB,XGL,"2-4 Boundary Street, London E2 7DD","{alias: cafes, title: Cafes}",,cakeshop,Patisserie/Cake Shop
13,shot-espresso-london,+44 20 7381 5572,5599.565652,gRp1o8vSY1yj87C22zOM8Q,https://s3-media2.fl.yelpcdn.com/bphoto/mgGffFOjrvCfX35pX4w7fQ/o.jpg,Shot Espresso,4.42E+11,£,5,18,https://www.yelp.com/biz/shot-espresso-london?adjust_creative=DyUgVCPdVoHcT1xSjEeaEw&utm_campaign=yelp_api_v3&utm_medium=api_v3_business_search&utm_source=DyUgVCPdVoHcT1xSjEeaEw,51.48069373,-0.198225594,11 Jerdan place,,,London,SW6 1BE,GB,XGL,"11 Jerdan place, London SW6 1BE","{alias: coffee, title: Coffee & Tea}","{alias: breakfast_brunch, title: Breakfast & Brunch}",cafes,Cafes
14,waitrose-london-3,+44 20 7370 2424,3877.850643,tBkUQ3qQtNlX0loC-72rkg,https://s3-media3.fl.yelpcdn.com/bphoto/2YQaiaj2R6K3-1FgEBeSwA/o.jpg,Waitrose,4.42E+11,££,4,37,https://www.yelp.com/biz/waitrose-london-3?adjust_creative=DyUgVCPdVoHcT1xSjEeaEw&utm_campaign=yelp_api_v3&utm_medium=api_v3_business_search&utm_source=DyUgVCPdVoHcT1xSjEeaEw,51.49480951,-0.183917603,Gloucester Arcade,128 Gloucester Road,,London,SW7 4SF,GB,XGL,"Gloucester Arcade, 128 Gloucester Road, London SW7 4SF",,,grocery,Grocery
15,gelatorino-london,+44 20 7240 0746,1042.063539,YFzC-97Fp8fSr3uHSiFARg,https://s3-media2.fl.yelpcdn.com/bphoto/sw0xngrLPbhznUkzUi-O0Q/o.jpg,Gelatorino,4.42E+11,£,4.5,24,https://www.yelp.com/biz/gelatorino-london?adjust_creative=DyUgVCPdVoHcT1xSjEeaEw&utm_campaign=yelp_api_v3&utm_medium=api_v3_business_search&utm_source=DyUgVCPdVoHcT1xSjEeaEw,51.512695,-0.120899,2 Russel Street,,,London,WC2B 5JD,GB,XGL,"2 Russel Street, London WC2B 5JD",,,icecream,Ice Cream & Frozen Yogurt
16,coffee-cakes-and-kisses-london,+44 20 7388 6748,1292.243331,NLxsxrrOVo-Fwg78VuhBqg,https://s3-media4.fl.yelpcdn.com/bphoto/LaByHhP7CCC1uBKFN88CAA/o.jpg,"Coffee, Cakes & Kisses",4.42E+11,£,5,14,https://www.yelp.com/biz/coffee-cakes-and-kisses-london?adjust_creative=DyUgVCPdVoHcT1xSjEeaEw&utm_campaign=yelp_api_v3&utm_medium=api_v3_business_search&utm_source=DyUgVCPdVoHcT1xSjEeaEw,51.52417755,-0.140123993,54 Warren Street,,,London,W1T 5NN,GB,XGL,"54 Warren Street, London W1T 5NN","{alias: venues, title: Venues & Event Spaces}",,coffee,Coffee & Tea
17,farmstand-london,+44 20 7240 3866,986.9717381,LYPuCoeoYpRpMcvFfwK3wQ,https://s3-media1.fl.yelpcdn.com/bphoto/kImQlyKLRTLji5RNBWfb2g/o.jpg,Farmstand,4.42E+11,£,4,34,https://www.yelp.com/biz/farmstand-london?adjust_creative=DyUgVCPdVoHcT1xSjEeaEw&utm_campaign=yelp_api_v3&utm_medium=api_v3_business_search&utm_source=DyUgVCPdVoHcT1xSjEeaEw,51.51433945,-0.122018814,42 Drury Lane,Covent Garden,,London,WC2B 5AJ,GB,XGL,"42 Drury Lane, Covent Garden, London WC2B 5AJ","{alias: breakfast_brunch, title: Breakfast & Brunch}","{alias: coffee, title: Coffee & Tea}",gluten_free,Gluten-Free
18,gails-bakery-notting-hill-london-3,+44 20 7792 8715,4672.97394,Lxhbq_b8tbCdji7N4g3hGw,https://s3-media4.fl.yelpcdn.com/bphoto/FCm5aIxv_3oz8UzEOgdCuQ/o.jpg,GAILs Bakery Notting Hill,4.42E+11,££,3.5,55,https://www.yelp.com/biz/gails-bakery-notting-hill-london-3?adjust_creative=DyUgVCPdVoHcT1xSjEeaEw&utm_campaign=yelp_api_v3&utm_medium=api_v3_business_search&utm_source=DyUgVCPdVoHcT1xSjEeaEw,51.51425566,-0.203445948,138 Portobello Road,,,London,W11 2DZ,GB,XGL,"138 Portobello Road, London W11 2DZ",,,bakeries,Bakeries
19,artisan-du-chocolat-london-4,+44 20 7824 8365,2902.687385,uvTZ6c3ZbYQ-2vGGjGQCDg,https://s3-media3.fl.yelpcdn.com/bphoto/8VMg4b4tEqR2PAuw0sACcQ/o.jpg,Artisan Du Chocolat,4.42E+11,£££,4.5,16,https://www.yelp.com/biz/artisan-du-chocolat-london-4?adjust_creative=DyUgVCPdVoHcT1xSjEeaEw&utm_campaign=yelp_api_v3&utm_medium=api_v3_business_search&utm_source=DyUgVCPdVoHcT1xSjEeaEw,51.4899613,-0.1560818,89 Lower Sloane Street,,,London,SW1W 8DA,GB,XGL,"89 Lower Sloane Street, London SW1W 8DA","{alias: chocolate, title: Chocolatiers & Shops}",,candy,Candy Stores
20,daylesford-organic-london-3,+44 20 7881 8060,2751.476026,4TU99yHlV6jNjZNwsiz1rA,https://s3-media4.fl.yelpcdn.com/bphoto/Sqexo7taEv-7g0YnP4qT3w/o.jpg,Daylesford Organic,4.42E+11,££,3.5,47,https://www.yelp.com/biz/daylesford-organic-london-3?adjust_creative=DyUgVCPdVoHcT1xSjEeaEw&utm_campaign=yelp_api_v3&utm_medium=api_v3_business_search&utm_source=DyUgVCPdVoHcT1xSjEeaEw,51.490645,-0.1533991,44b Pimlico Road,,,London,SW1W 8LP,GB,XGL,"44b Pimlico Road, London SW1W 8LP","{alias: breakfast_brunch, title: Breakfast & Brunch}","{alias: organic_stores, title: Organic Stores}",british,British
21,the-gentlemen-baristas-london,+44 7816 461315,3025.052485,XN7K4g1Wq-93WYvg85EgMg,https://s3-media4.fl.yelpcdn.com/bphoto/jcNLAlMZnansYL2N3KABhg/o.jpg,The Gentlemen Baristas,4.48E+11,£,4.5,15,https://www.yelp.com/biz/the-gentlemen-baristas-london?adjust_creative=DyUgVCPdVoHcT1xSjEeaEw&utm_campaign=yelp_api_v3&utm_medium=api_v3_business_search&utm_source=DyUgVCPdVoHcT1xSjEeaEw,51.503842,-0.094703566,63 Union Street,,,London,SE1 1SG,GB,XGL,"63 Union Street, London SE1 1SG",,,coffee,Coffee & Tea
22,partridges-london-3,+44 20 7730 0651,2911.374322,V5CP1R500pvdD-VqHrbFxA,https://s3-media2.fl.yelpcdn.com/bphoto/kKR2HpoWbzeAkVRp6MfezA/o.jpg,Partridges,4.42E+11,£££,4,34,https://www.yelp.com/biz/partridges-london-3?adjust_creative=DyUgVCPdVoHcT1xSjEeaEw&utm_campaign=yelp_api_v3&utm_medium=api_v3_business_search&utm_source=DyUgVCPdVoHcT1xSjEeaEw,51.49113697,-0.159494877,2-5 Duke of York Square,Sloane Square,,London,SW3 4LY,GB,XGL,"2-5 Duke of York Square, Sloane Square, London SW3 4LY",,,grocery,Grocery
23,doppio-coffee-warehouse-london-2,+44 20 7247 7838,4664.928889,wuaG5xQ2STIZ8IEUEB4Mbw,https://s3-media4.fl.yelpcdn.com/bphoto/C4at3ac6s7lmeD15IFOfBQ/o.jpg,Doppio Coffee Warehouse,4.42E+11,£,4.5,14,https://www.yelp.com/biz/doppio-coffee-warehouse-london-2?adjust_creative=DyUgVCPdVoHcT1xSjEeaEw&utm_campaign=yelp_api_v3&utm_medium=api_v3_business_search&utm_source=DyUgVCPdVoHcT1xSjEeaEw,51.52009626,-0.069556385,90 Hanbury Street,,,London,E1 5JL,GB,XGL,"90 Hanbury Street, London E1 5JL",,,coffee,Coffee & Tea
24,london-grind-london,+44 20 3019 7178,3344.260499,Q8tBpAt5TKOOMGJjPxBKmA,https://s3-media3.fl.yelpcdn.com/bphoto/EFYOJilRALNk7xMxcaqdZw/o.jpg,London Grind,4.42E+11,££,3.5,40,https://www.yelp.com/biz/london-grind-london?adjust_creative=DyUgVCPdVoHcT1xSjEeaEw&utm_campaign=yelp_api_v3&utm_medium=api_v3_business_search&utm_source=DyUgVCPdVoHcT1xSjEeaEw,51.506642,-0.088668,2 London Bridge,,,London,SW1Y 4UY,GB,XGL,"2 London Bridge, London SW1Y 4UY","{alias: coffee, title: Coffee & Tea}","{alias: breakfast_brunch, title: Breakfast & Brunch}",cocktailbars,Cocktail Bars
25,phoenicia-mediterranean-food-hall-london,+44 20 7267 1267,3884.13125,IDH_axJK2uI99N5-_PHl5A,https://s3-media3.fl.yelpcdn.com/bphoto/jVQwCWM78Aneh-MwhCtMdA/o.jpg,Phoenicia - Mediterranean Food Hall,4.42E+11,£,4,22,https://www.yelp.com/biz/phoenicia-mediterranean-food-hall-london?adjust_creative=DyUgVCPdVoHcT1xSjEeaEw&utm_campaign=yelp_api_v3&utm_medium=api_v3_business_search&utm_source=DyUgVCPdVoHcT1xSjEeaEw,51.54757309,-0.141117007,186-188 Kentish Town Road,,,London,NW5 2AE,GB,XGL,"186-188 Kentish Town Road, London NW5 2AE","{alias: customcakes, title: Custom Cakes}","{alias: butcher, title: Butcher}",intlgrocery,International Grocery
26,summer-with-monika-london,+44 20 7253 8631,4059.530467,g1RTEAXkhEobqDNGNcIIJA,https://s3-media4.fl.yelpcdn.com/bphoto/nFrqhIYrmZPTTV99m5xOJg/o.jpg,Summer With Monika,4.42E+11,££,4.5,12,https://www.yelp.com/biz/summer-with-monika-london?adjust_creative=DyUgVCPdVoHcT1xSjEeaEw&utm_campaign=yelp_api_v3&utm_medium=api_v3_business_search&utm_source=DyUgVCPdVoHcT1xSjEeaEw,51.52940343,-0.083671883,67-69 Pitfield Street,,,London,N1 6BT,GB,XGL,"67-69 Pitfield Street, London N1 6BT","{alias: grocery, title: Grocery}","{alias: coffee, title: Coffee & Tea}",cafes,Cafes
27,tart-london-3,+44 20 7627 2176,5627.704809,ZQfjDBIZKOp5ecbTPFjRrw,https://s3-media4.fl.yelpcdn.com/bphoto/gVQ5N5i8D85r5JOi5it2Ug/o.jpg,Tart,4.42E+11,£,5,8,https://www.yelp.com/biz/tart-london-3?adjust_creative=DyUgVCPdVoHcT1xSjEeaEw&utm_campaign=yelp_api_v3&utm_medium=api_v3_business_search&utm_source=DyUgVCPdVoHcT1xSjEeaEw,51.46229285,-0.140184631,25 The Pavement,,,London,SW4 0JA,GB,XGL,"25 The Pavement, London SW4 0JA","{alias: bakeries, title: Bakeries}","{alias: venues, title: Venues & Event Spaces}",coffee,Coffee & Tea
28,sugarsin-london-3,+44 20 8616 5959,1043.603594,_uKYvmUC7kapdNKVp36SXA,https://s3-media3.fl.yelpcdn.com/bphoto/ykXvdF5UwJxj6eOYBZmYqw/o.jpg,SugarSin,4.42E+11,££,4.5,11,https://www.yelp.com/biz/sugarsin-london-3?adjust_creative=DyUgVCPdVoHcT1xSjEeaEw&utm_campaign=yelp_api_v3&utm_medium=api_v3_business_search&utm_source=DyUgVCPdVoHcT1xSjEeaEw,51.51275322,-0.120875622,1 Russell Street,,,London,WC2B 5JD,GB,XGL,"1 Russell Street, London WC2B 5JD",,,candy,Candy Stores
29,joes-kitchen-borough,+44 20 7939 1490,3151.295818,rI9gZfQ_R3de2gQGIvm5mg,https://s3-media4.fl.yelpcdn.com/bphoto/7jIpW-1WGF7GV4Dc7GjePQ/o.jpg,Joes Kitchen,4.42E+11,££,3.5,58,https://www.yelp.com/biz/joes-kitchen-borough?adjust_creative=DyUgVCPdVoHcT1xSjEeaEw&utm_campaign=yelp_api_v3&utm_medium=api_v3_business_search&utm_source=DyUgVCPdVoHcT1xSjEeaEw,51.50131226,-0.094356999,5-7 Marshalsea Road,,,Borough,SE1 1EP,GB,XGL,"5-7 Marshalsea Road, Borough SE1 1EP","{alias: juicebars, title: Juice Bars & Smoothies}","{alias: tapasmallplates, title: Tapas/Small Plates}",breakfast_brunch,Breakfast & Brunch
30,boki-london,+44 20 7836 8589,582.1923509,vlyegsU6Sobc5zWEwkZkRg,https://s3-media1.fl.yelpcdn.com/bphoto/YLnEyagnfe3RoKvMz2n3DA/o.jpg,Boki,4.42E+11,££,5,7,https://www.yelp.com/biz/boki-london?adjust_creative=DyUgVCPdVoHcT1xSjEeaEw&utm_campaign=yelp_api_v3&utm_medium=api_v3_business_search&utm_source=DyUgVCPdVoHcT1xSjEeaEw,51.513575,-0.127627,20 Earlham Street,,,London,WC2H 9LG,GB,XGL,"20 Earlham Street, London WC2H 9LG","{alias: tapasmallplates, title: Tapas/Small Plates}","{alias: cocktailbars, title: Cocktail Bars}",coffee,Coffee & Tea
31,marks-and-spencer-london-130,+44 20 7630 9529,1997.174842,ZAqUvflw1EjQQ_p15fkg3g,https://s3-media2.fl.yelpcdn.com/bphoto/bNBiqt2IWUQBMU8clrCaCA/o.jpg,Marks and Spencer,4.42E+11,££,4,15,https://www.yelp.com/biz/marks-and-spencer-london-130?adjust_creative=DyUgVCPdVoHcT1xSjEeaEw&utm_campaign=yelp_api_v3&utm_medium=api_v3_business_search&utm_source=DyUgVCPdVoHcT1xSjEeaEw,51.49569433,-0.144574203,East Rail Simply Food,Victoria Street,Victoria Mainline Station,London,SW1V 1JU,GB,XGL,"East Rail Simply Food, Victoria Street, Victoria Mainline Station, London SW1V 1JU",,,grocery,Grocery
32,east-london-liquor-company-london,+44 20 3011 0980,6864.114142,U8-QmWEu9Iig_SIXo2UGGA,https://s3-media4.fl.yelpcdn.com/bphoto/t1znS1RfLQisNv9jdWZGWw/o.jpg,East London Liquor Company,4.42E+11,££,4.5,8,https://www.yelp.com/biz/east-london-liquor-company-london?adjust_creative=DyUgVCPdVoHcT1xSjEeaEw&utm_campaign=yelp_api_v3&utm_medium=api_v3_business_search&utm_source=DyUgVCPdVoHcT1xSjEeaEw,51.53192273,-0.041605642,Unit GF1,221 Grove Road,Bow Wharf,London,E3 5SN,GB,XGL,"Unit GF1, 221 Grove Road, Bow Wharf, London E3 5SN","{alias: distilleries, title: Distilleries}",,beer_and_wine,"Beer, Wine & Spirits"
33,earth-natural-foods-london,+44 20 7482 2211,4013.864448,T4wIul7m-Qjm8bU-bHA-jg,https://s3-media4.fl.yelpcdn.com/bphoto/oOhuQRluQWHtjJmdwMqFCw/o.jpg,Earth Natural Foods,4.42E+11,££,4,17,https://www.yelp.com/biz/earth-natural-foods-london?adjust_creative=DyUgVCPdVoHcT1xSjEeaEw&utm_campaign=yelp_api_v3&utm_medium=api_v3_business_search&utm_source=DyUgVCPdVoHcT1xSjEeaEw,51.54880017,-0.140931215,200 Kentish Town Road,,,London,NW5 2AE,GB,XGL,"200 Kentish Town Road, London NW5 2AE",,,healthmarkets,Health Markets
34,nosteagia-london,+44 7564 117339,4275.947097,gFAluKQxU8mVq-MzcEikgQ,https://s3-media3.fl.yelpcdn.com/bphoto/NgVJgpNSlLql-GvOCwpV_g/o.jpg,Nosteagia,4.48E+11,£,4,15,https://www.yelp.com/biz/nosteagia-london?adjust_creative=DyUgVCPdVoHcT1xSjEeaEw&utm_campaign=yelp_api_v3&utm_medium=api_v3_business_search&utm_source=DyUgVCPdVoHcT1xSjEeaEw,51.5234799,-0.0765729,Unit 58 Boxpark Shoreditch,2-10 Bethnal Green Road,,London,E1 6GY,GB,XGL,"Unit 58 Boxpark Shoreditch, 2-10 Bethnal Green Road, London E1 6GY","{alias: bubbletea, title: Bubble Tea}","{alias: waffles, title: Waffles}",desserts,Desserts
35,origin-coffee-roasters-london,+44 20 7729 6252,4082.80427,hWl7B5EhxOAZhVc0lj7BNQ,https://s3-media4.fl.yelpcdn.com/bphoto/mm04RGXfuEI2JKsGKvTTfg/o.jpg,Origin Coffee Roasters,4.42E+11,££,4.5,7,https://www.yelp.com/biz/origin-coffee-roasters-london?adjust_creative=DyUgVCPdVoHcT1xSjEeaEw&utm_campaign=yelp_api_v3&utm_medium=api_v3_business_search&utm_source=DyUgVCPdVoHcT1xSjEeaEw,51.526301,-0.0809826,65 Charlotte Road,,,London,EC2A 3PE,GB,XGL,"65 Charlotte Road, London EC2A 3PE",,,coffee,Coffee & Tea
36,mouse-tail-coffee-stories-london-4,+44 7552 961118,6233.207775,alG0_K6eXYLGTfnDhrEmzA,https://s3-media4.fl.yelpcdn.com/bphoto/vFmhovB1macAmjqDTmNjmA/o.jpg,Mouse Tail Coffee Stories,4.48E+11,£,4.5,11,https://www.yelp.com/biz/mouse-tail-coffee-stories-london-4?adjust_creative=DyUgVCPdVoHcT1xSjEeaEw&utm_campaign=yelp_api_v3&utm_medium=api_v3_business_search&utm_source=DyUgVCPdVoHcT1xSjEeaEw,51.49819646,-0.049021353,Deal Porters Way,Canada Water Plaza,,London,SE16 7AP,GB,XGL,"Deal Porters Way, Canada Water Plaza, London SE16 7AP",,,coffee,Coffee & Tea
37,chairs-and-coffee-london,+44 20 7018 1913,5705.732311,DHm_iHg2EaVt_endAguR7Q,https://s3-media4.fl.yelpcdn.com/bphoto/3l2T-BbZdzT9RAKde59LjA/o.jpg,Chairs and Coffee,4.42E+11,£,4,11,https://www.yelp.com/biz/chairs-and-coffee-london?adjust_creative=DyUgVCPdVoHcT1xSjEeaEw&utm_campaign=yelp_api_v3&utm_medium=api_v3_business_search&utm_source=DyUgVCPdVoHcT1xSjEeaEw,51.4797673,-0.1989799,512 Fulham Road,,,London,SW6 5NJ,GB,XGL,"512 Fulham Road, London SW6 5NJ","{alias: wine_bars, title: Wine Bars}",,coffee,Coffee & Tea
38,the-frenchie-london-6,+44 7708 738632,1539.198569,Zs7UQmOi5wHGT_gxd5Z2eg,https://s3-media2.fl.yelpcdn.com/bphoto/rovKuAve1n3fMxy-EhPhog/o.jpg,The FRENCHIE,4.48E+11,£,5,5,https://www.yelp.com/biz/the-frenchie-london-6?adjust_creative=DyUgVCPdVoHcT1xSjEeaEw&utm_campaign=yelp_api_v3&utm_medium=api_v3_business_search&utm_source=DyUgVCPdVoHcT1xSjEeaEw,51.5057757,-0.1168251,Real Food Market,Southbank Centre Square,Belvedere Road,London,SE1 8XX,GB,XGL,"Real Food Market, Southbank Centre Square, Belvedere Road, London SE1 8XX",,,streetvendors,Street Vendors
39,pistachio-and-pickle-london,+44 20 7607 6319,3620.59336,UobDUr2ITduiTL9CJ0sNfQ,https://s3-media2.fl.yelpcdn.com/bphoto/QWxg3uhTOFM352sJnKSzCQ/o.jpg,Pistachio & Pickle,4.42E+11,££,4.5,9,https://www.yelp.com/biz/pistachio-and-pickle-london?adjust_creative=DyUgVCPdVoHcT1xSjEeaEw&utm_campaign=yelp_api_v3&utm_medium=api_v3_business_search&utm_source=DyUgVCPdVoHcT1xSjEeaEw,51.5398191,-0.106665,142 liverpool road,,,London,N1 1LA,GB,XGL,"142 liverpool road, London N1 1LA","{alias: delicatessen, title: Delicatessen}",,coffee,Coffee & Tea
40,shake-shack-leicester-square-london-6,+44 1923 555185,388.342956,gNZXTUBzYBh6saZeUu9MTw,https://s3-media3.fl.yelpcdn.com/bphoto/4GyPB9e7c3-cz8PeX7ZMCg/o.jpg,Shake Shack Leicester Square,4.42E+11,££,3,24,https://www.yelp.com/biz/shake-shack-leicester-square-london-6?adjust_creative=DyUgVCPdVoHcT1xSjEeaEw&utm_campaign=yelp_api_v3&utm_medium=api_v3_business_search&utm_source=DyUgVCPdVoHcT1xSjEeaEw,51.5105365,-0.1317315,1-2 Coventry Street,,Leicester Square,London,W1D 6BH,GB,XGL,"1-2 Coventry Street, Leicester Square, London W1D 6BH","{alias: milkshakebars, title: Milkshake Bars}","{alias: hotdog, title: Hot Dogs}",burgers,Burgers
41,allpress-espresso-london-4,+44 20 7749 1780,5866.533406,Sc-BG-xWJ0gAuwcERfopNQ,https://s3-media4.fl.yelpcdn.com/bphoto/Z_ZyiLbFC3ZeMRhJ76BGtQ/o.jpg,Allpress Espresso,4.42E+11,££,4,10,https://www.yelp.com/biz/allpress-espresso-london-4?adjust_creative=DyUgVCPdVoHcT1xSjEeaEw&utm_campaign=yelp_api_v3&utm_medium=api_v3_business_search&utm_source=DyUgVCPdVoHcT1xSjEeaEw,51.5464424,-0.070580542,55 Dalston Lane,,,London,E8 1PQ,GB,XGL,"55 Dalston Lane, London E8 1PQ",,,coffee,Coffee & Tea
42,the-royal-quarter-café-london-2,+44 20 7799 4999,1549.517792,JpZjcxIChQrNkFw4PND6Cw,https://s3-media3.fl.yelpcdn.com/bphoto/JRbppEkNvWHOxJs-QKwOeQ/o.jpg,The Royal Quarter Café,4.42E+11,£££,3,30,https://www.yelp.com/biz/the-royal-quarter-caf%C3%A9-london-2?adjust_creative=DyUgVCPdVoHcT1xSjEeaEw&utm_campaign=yelp_api_v3&utm_medium=api_v3_business_search&utm_source=DyUgVCPdVoHcT1xSjEeaEw,51.4989274,-0.1373499,72 Buckingham Gate,,,London,SW1E 6AL,GB,XGL,"72 Buckingham Gate, London SW1E 6AL","{alias: bakeries, title: Bakeries}",,cafes,Cafes
43,pret-a-manger-london-144,+44 20 7932 5296,273.8013104,TF8O8qZ7NOIxbu2q5PGyfg,https://s3-media2.fl.yelpcdn.com/bphoto/czxUPSWWBELvM_nRz8PS7Q/o.jpg,Pret A Manger,4.42E+11,£,4,9,https://www.yelp.com/biz/pret-a-manger-london-144?adjust_creative=DyUgVCPdVoHcT1xSjEeaEw&utm_campaign=yelp_api_v3&utm_medium=api_v3_business_search&utm_source=DyUgVCPdVoHcT1xSjEeaEw,51.5137571,-0.1396249,27/28 Great Marlborough Street,Soho,,London,W1F 7HY,GB,XGL,"27/28 Great Marlborough Street, Soho, London W1F 7HY","{alias: hotdogs, title: Fast Food}","{alias: sandwiches, title: Sandwiches}",coffee,Coffee & Tea
44,the-ship-of-adventures-london,+44 20 3327 1777,5925.837457,saUSSUCGXNaioG5NYvheGw,https://s3-media1.fl.yelpcdn.com/bphoto/a_bbhRJ3E6l_mXxH6f_oMA/o.jpg,The Ship of Adventures,4.42E+11,£,5,5,https://www.yelp.com/biz/the-ship-of-adventures-london?adjust_creative=DyUgVCPdVoHcT1xSjEeaEw&utm_campaign=yelp_api_v3&utm_medium=api_v3_business_search&utm_source=DyUgVCPdVoHcT1xSjEeaEw,51.5500221,-0.0750014,138 Kingsland High Street,,,London,E8 2NS,GB,XGL,"138 Kingsland High Street, London E8 2NS","{alias: coffee, title: Coffee & Tea}",,bookstores,Bookstores
45,viandas-de-salamanca-london,+44 20 7240 9864,1087.913799,DpoSRkEAUGwZeVs7rq9Ajw,https://s3-media1.fl.yelpcdn.com/bphoto/yCqIT9Rn5HYQgJtdPSg-Qw/o.jpg,Viandas de Salamanca,4.42E+11,£££,5,5,https://www.yelp.com/biz/viandas-de-salamanca-london?adjust_creative=DyUgVCPdVoHcT1xSjEeaEw&utm_campaign=yelp_api_v3&utm_medium=api_v3_business_search&utm_source=DyUgVCPdVoHcT1xSjEeaEw,51.5106618,-0.120628,99 Strand,,,London,WC2R 0EW,GB,XGL,"99 Strand, London WC2R 0EW",,,meats,Meat Shops
46,amorino-islington-london,+44 20 7226 8717,3625.42851,qKd0q4YLGExGrb7TNJgmtA,https://s3-media2.fl.yelpcdn.com/bphoto/0tVlZa5yryLHdhxgHM_rsQ/o.jpg,Amorino Islington,4.42E+11,££,4,9,https://www.yelp.com/biz/amorino-islington-london?adjust_creative=DyUgVCPdVoHcT1xSjEeaEw&utm_campaign=yelp_api_v3&utm_medium=api_v3_business_search&utm_source=DyUgVCPdVoHcT1xSjEeaEw,51.5380821,-0.1027259,110 Upper Street,,,London,N1 1QN,GB,XGL,"110 Upper Street, London N1 1QN",,,icecream,Ice Cream & Frozen Yogurt
47,pattern-coffee-london,+44 20 7837 1981,2523.272771,aYd2mlWPlQmJdKHbiWq0PA,https://s3-media1.fl.yelpcdn.com/bphoto/ZXSktRmEi6hPrSVc-we4JQ/o.jpg,Pattern Coffee,4.42E+11,££,4,8,https://www.yelp.com/biz/pattern-coffee-london?adjust_creative=DyUgVCPdVoHcT1xSjEeaEw&utm_campaign=yelp_api_v3&utm_medium=api_v3_business_search&utm_source=DyUgVCPdVoHcT1xSjEeaEw,51.532962,-0.119133,82 Caledonian Rd,,,London,N1 9DN,GB,XGL,"82 Caledonian Rd, London N1 9DN",,,coffee,Coffee & Tea
48,basilico-london-13,+44 800 389 9770,5587.491791,bazMLjjO3rYaNYjYBY0e6w,https://s3-media1.fl.yelpcdn.com/bphoto/1LeEYJKsfTw_VBxk1XNZZw/o.jpg,Basilico,4.48E+11,££,4,10,https://www.yelp.com/biz/basilico-london-13?adjust_creative=DyUgVCPdVoHcT1xSjEeaEw&utm_campaign=yelp_api_v3&utm_medium=api_v3_business_search&utm_source=DyUgVCPdVoHcT1xSjEeaEw,51.4647055,-0.1595031,175 Lavender Hill,,,London,SW11 5TE,GB,XGL,"175 Lavender Hill, London SW11 5TE","{alias: desserts, title: Desserts}","{alias: salad, title: Salad}",pizza,Pizza
49,benugo-london-20,+44 20 7655 4857,4696.884775,VoN5pEsu3kre_EJ0ARro7g,https://s3-media1.fl.yelpcdn.com/bphoto/j_OP55YKeiG1f8OP51mEww/o.jpg,Benugo,4.42E+11,£,4.5,7,https://www.yelp.com/biz/benugo-london-20?adjust_creative=DyUgVCPdVoHcT1xSjEeaEw&utm_campaign=yelp_api_v3&utm_medium=api_v3_business_search&utm_source=DyUgVCPdVoHcT1xSjEeaEw,51.5149431,-0.0681656,33 Commercial Road,,,London,E1 1LD,GB,XGL,"33 Commercial Road, London E1 1LD","{alias: delis, title: Delis}","{alias: bakeries, title: Bakeries}",cafes,Cafes
50,lido-cafe-london,+44 20 7706 7098,2499.540871,eDLN85yEcgnecfY5kxgUzw,https://s3-media2.fl.yelpcdn.com/bphoto/uJd1-mAc3soxHq1EgXrIfw/o.jpg,Lido Cafe,4.42E+11,££,3,21,https://www.yelp.com/biz/lido-cafe-london?adjust_creative=DyUgVCPdVoHcT1xSjEeaEw&utm_campaign=yelp_api_v3&utm_medium=api_v3_business_search&utm_source=DyUgVCPdVoHcT1xSjEeaEw,51.50472044,-0.169637034,Hyde Park,Princess of Wales Memorial Fountain,,London,W2 2UH,GB,XGL,"Hyde Park, Princess of Wales Memorial Fountain, London W2 2UH","{alias: cafes, title: Cafes}",,coffee,Coffee & Tea
51,gails-bakery-south-kensington-london,+44 20 7584 7499,3357.270613,a8SzxsJygwZgPrHHSTUjfw,https://s3-media4.fl.yelpcdn.com/bphoto/h1xKQ3lTpBEmijLP49U7ig/o.jpg,GAILs Bakery South Kensington,4.42E+11,£,4,9,https://www.yelp.com/biz/gails-bakery-south-kensington-london?adjust_creative=DyUgVCPdVoHcT1xSjEeaEw&utm_campaign=yelp_api_v3&utm_medium=api_v3_business_search&utm_source=DyUgVCPdVoHcT1xSjEeaEw,51.49444604,-0.174425953,45 Thurloe Street,South Kensington,,London,SW7 2LQ,GB,XGL,"45 Thurloe Street, South Kensington, London SW7 2LQ",,,bakeries,Bakeries
52,bears-ice-cream-london-2,+44 20 3441 4982,7193.786613,0uHHOlxKdeg4xxoDtgbnyw,https://s3-media4.fl.yelpcdn.com/bphoto/HWfuBzGXX0Q_VORXpRGwNA/o.jpg,Bears Ice Cream,4.42E+11,££,4.5,6,https://www.yelp.com/biz/bears-ice-cream-london-2?adjust_creative=DyUgVCPdVoHcT1xSjEeaEw&utm_campaign=yelp_api_v3&utm_medium=api_v3_business_search&utm_source=DyUgVCPdVoHcT1xSjEeaEw,51.4999716,-0.2378208,244 Goldhawk Road,,,London,W12 9PE,GB,XGL,"244 Goldhawk Road, London W12 9PE",,,icecream,Ice Cream & Frozen Yogurt
53,bubbleology-london-4,+44 20 7584 1171,3348.535651,nOYtSW76HBkmqmI_mbfCVg,https://s3-media4.fl.yelpcdn.com/bphoto/qOqqRe5Ck2J3hNWkZRiy1Q/o.jpg,Bubbleology,4.42E+11,£,3.5,13,https://www.yelp.com/biz/bubbleology-london-4?adjust_creative=DyUgVCPdVoHcT1xSjEeaEw&utm_campaign=yelp_api_v3&utm_medium=api_v3_business_search&utm_source=DyUgVCPdVoHcT1xSjEeaEw,51.494573,-0.17439,23 Cromwell Place,South Kensington,,London,SW7 2LD,GB,XGL,"23 Cromwell Place, South Kensington, London SW7 2LD","{alias: juicebars, title: Juice Bars & Smoothies}",,bubbletea,Bubble Tea
54,sambal-shiok-london,+44 7970 739080,206.3254963,xwBpX7-1IpTSHid3d_W52A,https://s3-media3.fl.yelpcdn.com/bphoto/hcV-GU8T4RhBtQSsgLs8uQ/o.jpg,Sambal Shiok,4.48E+11,none,4.5,5,https://www.yelp.com/biz/sambal-shiok-london?adjust_creative=DyUgVCPdVoHcT1xSjEeaEw&utm_campaign=yelp_api_v3&utm_medium=api_v3_business_search&utm_source=DyUgVCPdVoHcT1xSjEeaEw,51.51187192,-0.133407855,Street Food Union,Rupert Street,,London,W1D,GB,XGL,"Street Food Union, Rupert Street, London W1D",,,foodtrucks,Food Trucks
55,southwark-brewing-london-2,+44 20 3302 4190,4285.824901,S4NUjhturYQu-ESgXDbHMA,https://s3-media2.fl.yelpcdn.com/bphoto/9RfG9Lw2WD7azSIB_yVpLA/o.jpg,Southwark Brewing,4.42E+11,£,4,9,https://www.yelp.com/biz/southwark-brewing-london-2?adjust_creative=DyUgVCPdVoHcT1xSjEeaEw&utm_campaign=yelp_api_v3&utm_medium=api_v3_business_search&utm_source=DyUgVCPdVoHcT1xSjEeaEw,51.50068591,-0.077187977,46 Druid Street,,,London,SE1 2EZ,GB,XGL,"46 Druid Street, London SE1 2EZ",,,breweries,Breweries
56,snog-london-14,+44 20 7240 6225,1543.807727,RxXjzwVl-Dd49idkMp2S0Q,https://s3-media3.fl.yelpcdn.com/bphoto/YeUOhz-3UWKHJ4mY-3RUyQ/o.jpg,Snog,4.42E+11,££,4,8,https://www.yelp.com/biz/snog-london-14?adjust_creative=DyUgVCPdVoHcT1xSjEeaEw&utm_campaign=yelp_api_v3&utm_medium=api_v3_business_search&utm_source=DyUgVCPdVoHcT1xSjEeaEw,51.5070862,-0.1156507,Southbank Centre,The Queens Walk,Waterloo Bridge,London,SE1 8XZ,GB,XGL,"Southbank Centre, The Queens Walk, Waterloo Bridge, London SE1 8XZ",,,icecream,Ice Cream & Frozen Yogurt
57,emilias-crafted-pasta-london-2,+44 20 7481 2004,4496.239539,5h1YHYWjrCuq69mbbjgvMw,https://s3-media2.fl.yelpcdn.com/bphoto/WCZf0eFisKX-OaJIpjXd_Q/o.jpg,Emilias Crafted Pasta,4.42E+11,none,4,7,https://www.yelp.com/biz/emilias-crafted-pasta-london-2?adjust_creative=DyUgVCPdVoHcT1xSjEeaEw&utm_campaign=yelp_api_v3&utm_medium=api_v3_business_search&utm_source=DyUgVCPdVoHcT1xSjEeaEw,51.5072531,-0.0716082,Unit C3 Ivory House,St Katharine Docks,,London,E1W 1AT,GB,XGL,"Unit C3 Ivory House, St Katharine Docks, London E1W 1AT","{alias: pastashops, title: Pasta Shops}",,italian,Italian
58,l-orchidée-macaron-and-cakes-westfield-london-london,+44 20 8749 0642,5913.507058,d4sF0V2Wa1c9zpjVEzwatw,https://s3-media1.fl.yelpcdn.com/bphoto/RbdegeSQiDWPgGyjEGWKRw/o.jpg,LOrchidée Macaron & Cakes - Westfield London,4.42E+11,££,5,3,https://www.yelp.com/biz/l-orchid%C3%A9e-macaron-and-cakes-westfield-london-london?adjust_creative=DyUgVCPdVoHcT1xSjEeaEw&utm_campaign=yelp_api_v3&utm_medium=api_v3_business_search&utm_source=DyUgVCPdVoHcT1xSjEeaEw,51.5076869,-0.2210038,1st Floor,Ariel Way Westfield London,,London,W12 7GF,GB,XGL,"1st Floor, Ariel Way Westfield London, London W12 7GF","{alias: macarons, title: Macarons}","{alias: customcakes, title: Custom Cakes}",cakeshop,Patisserie/Cake Shop
59,kupp-london,+44 20 7262 8618,2684.868112,iM6MsRXEP7GN5FMagtoieQ,https://s3-media3.fl.yelpcdn.com/bphoto/c0piftjHufv-1UtFbfJktg/o.jpg,KuPP,4.42E+11,£,3.5,9,https://www.yelp.com/biz/kupp-london?adjust_creative=DyUgVCPdVoHcT1xSjEeaEw&utm_campaign=yelp_api_v3&utm_medium=api_v3_business_search&utm_source=DyUgVCPdVoHcT1xSjEeaEw,51.51876939,-0.173566585,Unit 53,5 Merchant Square,Paddington Basin,London,W2 1AS,GB,XGL,"Unit 53, 5 Merchant Square, Paddington Basin, London W2 1AS","{alias: coffee, title: Coffee & Tea}","{alias: scandinavian, title: Scandinavian}",bars,Bars
60,love-and-scandal-london,+44 20 7620 3814,2083.029698,yqkDAtsxwBu2ieRtbC8V9g,https://s3-media3.fl.yelpcdn.com/bphoto/tKm__FLmUTXA6umbaVGz0g/o.jpg,Love & Scandal,4.42E+11,£,3.5,8,https://www.yelp.com/biz/love-and-scandal-london?adjust_creative=DyUgVCPdVoHcT1xSjEeaEw&utm_campaign=yelp_api_v3&utm_medium=api_v3_business_search&utm_source=DyUgVCPdVoHcT1xSjEeaEw,51.5011673,-0.1123664,107 Lower Marsh Lambeth,,,London,SE1 7RJ,GB,XGL,"107 Lower Marsh Lambeth, London SE1 7RJ",,,coffee,Coffee & Tea
61,eatfirst-london,+44 20 3308 9339,406.2175682,FSv8_MO8L0ibIZXywdD7mg,https://s3-media4.fl.yelpcdn.com/bphoto/DcwYk5wxtyG57UPC4Me_iQ/o.jpg,EatFirst,4.42E+11,££,3.5,8,https://www.yelp.com/biz/eatfirst-london?adjust_creative=DyUgVCPdVoHcT1xSjEeaEw&utm_campaign=yelp_api_v3&utm_medium=api_v3_business_search&utm_source=DyUgVCPdVoHcT1xSjEeaEw,51.516263,-0.1339243,76 Oxford Street,,,London,W1D 1BS,GB,XGL,"76 Oxford Street, London W1D 1BS",,,fooddeliveryservices,Food Delivery Services
62,simit-sarayi-london-4,+44 20 7636 4636,305.8958543,P4rFlCsevSiJuwshO6wF7g,https://s3-media2.fl.yelpcdn.com/bphoto/BAUChxLMzEtvN5I5MF8dgA/o.jpg,Simit Sarayi,4.42E+11,£,3,14,https://www.yelp.com/biz/simit-sarayi-london-4?adjust_creative=DyUgVCPdVoHcT1xSjEeaEw&utm_campaign=yelp_api_v3&utm_medium=api_v3_business_search&utm_source=DyUgVCPdVoHcT1xSjEeaEw,51.5104,-0.1339005,1 Piccadilly Circus,,,London,W1J 0DA,GB,XGL,"1 Piccadilly Circus, London W1J 0DA","{alias: bakeries, title: Bakeries}",,turkish,Turkish
63,flavous-london-2,+44 20 8545 0719,11325.1237,eaLu7w--GL_EB5B7z8dvbw,https://s3-media2.fl.yelpcdn.com/bphoto/HX9EK4zaVxwnkaP7uIa8AQ/o.jpg,Flavous,4.42E+11,none,5,4,https://www.yelp.com/biz/flavous-london-2?adjust_creative=DyUgVCPdVoHcT1xSjEeaEw&utm_campaign=yelp_api_v3&utm_medium=api_v3_business_search&utm_source=DyUgVCPdVoHcT1xSjEeaEw,51.41976027,-0.202340148,68 The Broadway,,,London,SW19 1RQ,GB,XGL,"68 The Broadway, London SW19 1RQ","{alias: coffee, title: Coffee & Tea}","{alias: waffles, title: Waffles}",icecream,Ice Cream & Frozen Yogurt
64,the-locals-cafe-london,+44 20 7730 3305,2932.438307,4piTf0lU0v2hm3golRXpDg,https://s3-media4.fl.yelpcdn.com/bphoto/ordWJ5xSneOazk-OcRt0Zw/o.jpg,The Locals Cafe,4.42E+11,none,4.5,4,https://www.yelp.com/biz/the-locals-cafe-london?adjust_creative=DyUgVCPdVoHcT1xSjEeaEw&utm_campaign=yelp_api_v3&utm_medium=api_v3_business_search&utm_source=DyUgVCPdVoHcT1xSjEeaEw,51.4878443,-0.14948448,8 Gatliff Road,,Grosvenor Waterside,London,SW1W 8DE,GB,XGL,"8 Gatliff Road, Grosvenor Waterside, London SW1W 8DE","{alias: bakeries, title: Bakeries}","{alias: delicatessen, title: Delicatessen}",cafes,Cafes
65,artigiano-espresso-and-wine-bar-st-pauls,+44 20 7248 0407,2593.44892,ywkCErT8LzN8OFUCcnfW-w,https://s3-media3.fl.yelpcdn.com/bphoto/lqFgA17ShMMs7ZBnXIe84w/o.jpg,Artigiano Espresso & Wine Bar,4.42E+11,£,4.5,6,https://www.yelp.com/biz/artigiano-espresso-and-wine-bar-st-pauls?adjust_creative=DyUgVCPdVoHcT1xSjEeaEw&utm_campaign=yelp_api_v3&utm_medium=api_v3_business_search&utm_source=DyUgVCPdVoHcT1xSjEeaEw,51.514511,-0.098634,1 Paternoster Square,,,St Pauls,EC4M 7DX,GB,XGL,"1 Paternoster Square, St Pauls EC4M 7DX","{alias: bars, title: Bars}","{alias: cafes, title: Cafes}",coffee,Coffee & Tea
66,story-coffee-london,+44 20 7998 3303,6345.212939,VJCTPXElbCem_PSNFv6Xxg,https://s3-media3.fl.yelpcdn.com/bphoto/ZnI61iSJxKdbLnEJ-8sIaQ/o.jpg,Story Coffee,4.42E+11,££,3.5,8,https://www.yelp.com/biz/story-coffee-london?adjust_creative=DyUgVCPdVoHcT1xSjEeaEw&utm_campaign=yelp_api_v3&utm_medium=api_v3_business_search&utm_source=DyUgVCPdVoHcT1xSjEeaEw,51.4609604,-0.1744692,115 St Johns Hill,,,London,SW11 1SZ,GB,XGL,"115 St Johns Hill, London SW11 1SZ","{alias: breakfast_brunch, title: Breakfast & Brunch}","{alias: bakeries, title: Bakeries}",coffee,Coffee & Tea
67,lobby-bar-london,+44 20 7300 1070,1155.780763,WjOMkaWqmfw9hQC1uP7yRQ,https://s3-media2.fl.yelpcdn.com/bphoto/AyqnIKPhFc1gdJSzTXDRMQ/o.jpg,Lobby Bar,4.42E+11,£££,4.5,4,https://www.yelp.com/biz/lobby-bar-london?adjust_creative=DyUgVCPdVoHcT1xSjEeaEw&utm_campaign=yelp_api_v3&utm_medium=api_v3_business_search&utm_source=DyUgVCPdVoHcT1xSjEeaEw,51.511933,-0.119422,One Aldwych Hotel,1 Aldwych,,London,WC2B 4BZ,GB,XGL,"One Aldwych Hotel, 1 Aldwych, London WC2B 4BZ","{alias: cocktailbars, title: Cocktail Bars}",,coffee,Coffee & Tea
68,london-star-night-london-3,+44 20 8985 2949,6377.151281,Yd9SPkFa2mUS55GBEtq5Lw,https://s3-media1.fl.yelpcdn.com/bphoto/nys4-j2wJxbbYIMjZdNM4A/o.jpg,London Star Night,4.42E+11,£,3.5,7,https://www.yelp.com/biz/london-star-night-london-3?adjust_creative=DyUgVCPdVoHcT1xSjEeaEw&utm_campaign=yelp_api_v3&utm_medium=api_v3_business_search&utm_source=DyUgVCPdVoHcT1xSjEeaEw,51.5406238,-0.055317,199 Mare Street,,Hackney,London,E8 3QE,GB,XGL,"199 Mare Street, Hackney, London E8 3QE","{alias: importedfood, title: Imported Food}",,grocery,Grocery
69,olivino-london,+44 20 7730 9042,1989.70785,5P943AGRRCQmc_HBToctKg,https://s3-media2.fl.yelpcdn.com/bphoto/mhmqzzUNMDImCS5c6Uv-KQ/o.jpg,Olivino,4.42E+11,££,4.5,4,https://www.yelp.com/biz/olivino-london?adjust_creative=DyUgVCPdVoHcT1xSjEeaEw&utm_campaign=yelp_api_v3&utm_medium=api_v3_business_search&utm_source=DyUgVCPdVoHcT1xSjEeaEw,51.496438,-0.147464,12 Lower Belgrave Street,,,London,SW1W 0LJ,GB,XGL,"12 Lower Belgrave Street, London SW1W 0LJ","{alias: intlgrocery, title: International Grocery}",,beer_and_wine,"Beer, Wine & Spirits"
70,barista-and-baker-london,+44 7815 703342,2732.901073,0mPYAPkojho-XLcIIPiY8Q,https://s3-media3.fl.yelpcdn.com/bphoto/sBo00fem-H2yeynb7DmAcQ/o.jpg,Barista & Baker,4.48E+11,£,4.5,3,https://www.yelp.com/biz/barista-and-baker-london?adjust_creative=DyUgVCPdVoHcT1xSjEeaEw&utm_campaign=yelp_api_v3&utm_medium=api_v3_business_search&utm_source=DyUgVCPdVoHcT1xSjEeaEw,51.49836966,-0.104033752,6 St Georges Circus,,,London,SE1 6LF,GB,XGL,"6 St Georges Circus, London SE1 6LF",,,coffee,Coffee & Tea
71,sourced-market-london-4,+44 20 3141 9115,1061.312668,OmaKiwE20xZkSDfHxT_S4w,https://s3-media1.fl.yelpcdn.com/bphoto/4w2wgIKr8BeLv9-XNnOkDQ/o.jpg,Sourced Market,4.42E+11,££,4,5,https://www.yelp.com/biz/sourced-market-london-4?adjust_creative=DyUgVCPdVoHcT1xSjEeaEw&utm_campaign=yelp_api_v3&utm_medium=api_v3_business_search&utm_source=DyUgVCPdVoHcT1xSjEeaEw,51.516242,-0.150283,68-72 Wigmore Street,,,London,W1U 2SQ,GB,XGL,"68-72 Wigmore Street, London W1U 2SQ",,,farmersmarket,Farmers Market
72,palm-vaults-hackney,+44 7391 139805,6893.650723,YSH7Np4HykZbK0IpmAMJhQ,https://s3-media2.fl.yelpcdn.com/bphoto/jgwOvStrtKJtrzBWo87wNg/o.jpg,Palm Vaults,4.47E+11,££,4.5,10,https://www.yelp.com/biz/palm-vaults-hackney?adjust_creative=DyUgVCPdVoHcT1xSjEeaEw&utm_campaign=yelp_api_v3&utm_medium=api_v3_business_search&utm_source=DyUgVCPdVoHcT1xSjEeaEw,51.5492266,-0.0552513,411 Mare Street,,,Hackney,E8 1HY,GB,XGL,"411 Mare Street, Hackney E8 1HY","{alias: desserts, title: Desserts}","{alias: juicebars, title: Juice Bars & Smoothies}",coffee,Coffee & Tea
73,cheeky-burger-london,+44 7889 773111,4924.148706,Z2IQZoJU8AjAldXpcjTeMA,https://s3-media4.fl.yelpcdn.com/bphoto/M31QbIARyNI2QFM8fu2zDQ/o.jpg,Cheeky Burger,4.48E+11,£,4.5,3,https://www.yelp.com/biz/cheeky-burger-london?adjust_creative=DyUgVCPdVoHcT1xSjEeaEw&utm_campaign=yelp_api_v3&utm_medium=api_v3_business_search&utm_source=DyUgVCPdVoHcT1xSjEeaEw,51.5196232,-0.2063989,8 Acklam Road,,,London,W10,GB,XGL,"8 Acklam Road, London W10","{alias: catering, title: Caterers}",,streetvendors,Street Vendors
74,urban-baristas-london,+44 7852 334245,5621.362596,bI6KT9wAftvbSmIm3btrVQ,https://s3-media2.fl.yelpcdn.com/bphoto/5hosDTo8kwvEVO24hdEGdg/o.jpg,Urban Baristas,4.48E+11,£,4,5,https://www.yelp.com/biz/urban-baristas-london?adjust_creative=DyUgVCPdVoHcT1xSjEeaEw&utm_campaign=yelp_api_v3&utm_medium=api_v3_business_search&utm_source=DyUgVCPdVoHcT1xSjEeaEw,51.5044055,-0.055911,138 Wapping High Street,,,London,E1W 3PA,GB,XGL,"138 Wapping High Street, London E1W 3PA",,,coffee,Coffee & Tea
75,long-arm-pub-and-brewery-london,+44 20 3873 4065,3632.139202,2vFP8Ui8Pc1C5t4mjErOig,https://s3-media1.fl.yelpcdn.com/bphoto/pyjyH9inpm6btYIlzLsScw/o.jpg,Long Arm Pub & Brewery,4.42E+11,££,4.5,3,https://www.yelp.com/biz/long-arm-pub-and-brewery-london?adjust_creative=DyUgVCPdVoHcT1xSjEeaEw&utm_campaign=yelp_api_v3&utm_medium=api_v3_business_search&utm_source=DyUgVCPdVoHcT1xSjEeaEw,51.52213862,-0.085637532,20-26 Worship Street,,,London,EC2A 2DX,GB,XGL,"20-26 Worship Street, London EC2A 2DX",,,brewpubs,Brewpubs
76,coffee-republic-london-14,+44 20 7828 5800,1872.0407,DAojQX3F4vXC5GYhw8-nbw,,Coffee Republic,4.42E+11,£,4.5,4,https://www.yelp.com/biz/coffee-republic-london-14?adjust_creative=DyUgVCPdVoHcT1xSjEeaEw&utm_campaign=yelp_api_v3&utm_medium=api_v3_business_search&utm_source=DyUgVCPdVoHcT1xSjEeaEw,51.4960479,-0.1354112,10 Rochester Row,Victoria,,London,SW1P 1BS,GB,XGL,"10 Rochester Row, Victoria, London SW1P 1BS",,,coffee,Coffee & Tea
77,cafe-frei-london,+44 20 3490 2073,4578.340828,tO-BMNryzOgbzipGV9mC9A,https://s3-media3.fl.yelpcdn.com/bphoto/YrgmfQDJ9FU8axO6b5iJMg/o.jpg,Cafe Frei,4.42E+11,none,5,2,https://www.yelp.com/biz/cafe-frei-london?adjust_creative=DyUgVCPdVoHcT1xSjEeaEw&utm_campaign=yelp_api_v3&utm_medium=api_v3_business_search&utm_source=DyUgVCPdVoHcT1xSjEeaEw,51.51432456,-0.069837868,61A Alie Street,,,London,E1 8EB,GB,XGL,"61A Alie Street, London E1 8EB","{alias: cakeshop, title: Patisserie/Cake Shop}",,coffee,Coffee & Tea
78,coffee-in-the-wood-london,+44 20 3490 4510,10812.4666,swEqDegxZXHLU-oHPzq4MA,https://s3-media3.fl.yelpcdn.com/bphoto/Uj3azBfTg6IxKBPEHtkrNQ/o.jpg,Coffee In the Wood,4.42E+11,£,4.5,4,https://www.yelp.com/biz/coffee-in-the-wood-london?adjust_creative=DyUgVCPdVoHcT1xSjEeaEw&utm_campaign=yelp_api_v3&utm_medium=api_v3_business_search&utm_source=DyUgVCPdVoHcT1xSjEeaEw,51.4190446,-0.177152561,99 -101 High Street,Colliers Wood,,London,SW19 2JF,GB,XGL,"99 -101 High Street, Colliers Wood, London SW19 2JF",,,coffee,Coffee & Tea
79,gosnells-london,+44 20 3289 9562,6484.342741,siEVO1vffUQgJaqsxNJxXA,https://s3-media4.fl.yelpcdn.com/bphoto/x9Q7TwDe9zGGkUjBy1-t6A/o.jpg,Gosnells,4.42E+11,none,5,2,https://www.yelp.com/biz/gosnells-london?adjust_creative=DyUgVCPdVoHcT1xSjEeaEw&utm_campaign=yelp_api_v3&utm_medium=api_v3_business_search&utm_source=DyUgVCPdVoHcT1xSjEeaEw,51.46855137,-0.075019171,Unit 2,Print Village,Chadwick Road,London,SE15 4PU,GB,XGL,"Unit 2, Print Village, Chadwick Road, London SE15 4PU",,,breweries,Breweries
80,cpress-chelsea-london,+44 20 7352 7568,4087.789031,JW6dgb-G-TqVGjjVdweyXw,https://s3-media3.fl.yelpcdn.com/bphoto/b9H-Jb7K3-WPNXfUaIrzGw/o.jpg,CPRESS - Chelsea,4.42E+11,££,4.5,3,https://www.yelp.com/biz/cpress-chelsea-london?adjust_creative=DyUgVCPdVoHcT1xSjEeaEw&utm_campaign=yelp_api_v3&utm_medium=api_v3_business_search&utm_source=DyUgVCPdVoHcT1xSjEeaEw,51.4873363,-0.1785035,285 Fulham Road,,,London,SW10 9PZ,GB,XGL,"285 Fulham Road, London SW10 9PZ","{alias: coffee, title: Coffee & Tea}",,juicebars,Juice Bars & Smoothies
81,simit-sarayi-london-5,+44 20 7636 4636,955.396253,#NAME?,https://s3-media4.fl.yelpcdn.com/bphoto/3kmhPN8KpGdZeYf5IOHsdw/o.jpg,Simit Sarayi,4.42E+11,££,2.5,10,https://www.yelp.com/biz/simit-sarayi-london-5?adjust_creative=DyUgVCPdVoHcT1xSjEeaEw&utm_campaign=yelp_api_v3&utm_medium=api_v3_business_search&utm_source=DyUgVCPdVoHcT1xSjEeaEw,51.513985,-0.149638,381 Oxford Street,West One Shopping Centre,,London,W1C 2JS,GB,XGL,"381 Oxford Street, West One Shopping Centre, London W1C 2JS","{alias: turkish, title: Turkish}","{alias: bakeries, title: Bakeries}",bagels,Bagels
82,the-bread-station-london,+44 20 7254 7388,6123.5719,qmvTW4c9KGAcykHa9szLUg,https://s3-media1.fl.yelpcdn.com/bphoto/XdOTTrqwKaTbfx9dl_MwmQ/o.jpg,The Bread Station,4.42E+11,££,4.5,3,https://www.yelp.com/biz/the-bread-station-london?adjust_creative=DyUgVCPdVoHcT1xSjEeaEw&utm_campaign=yelp_api_v3&utm_medium=api_v3_business_search&utm_source=DyUgVCPdVoHcT1xSjEeaEw,51.539462,-0.058356,Arch 373 Hemsley Place,,,London,E8 3SB,GB,XGL,"Arch 373 Hemsley Place, London E8 3SB",,,bakeries,Bakeries
83,flavours-of-naples-london,+44 7540 698364,3157.154823,TYu9hEeEgR6-04EH74MX0A,https://s3-media4.fl.yelpcdn.com/bphoto/25k9E5dGKY7Buga9FPHSiA/o.jpg,Flavours Of Naples,4.48E+11,££,4,4,https://www.yelp.com/biz/flavours-of-naples-london?adjust_creative=DyUgVCPdVoHcT1xSjEeaEw&utm_campaign=yelp_api_v3&utm_medium=api_v3_business_search&utm_source=DyUgVCPdVoHcT1xSjEeaEw,51.49998554,-0.095278299,299 Borough High Street,,,London,SE1 1JG,GB,XGL,"299 Borough High Street, London SE1 1JG","{alias: italian, title: Italian}","{alias: delicatessen, title: Delicatessen}",coffee,Coffee & Tea
84,fin-flounder-london,+44 7946 400006,5855.338087,adtcQ9vvvvnoBj3ShSh8ng,https://s3-media1.fl.yelpcdn.com/bphoto/-r_Pc7TY9DN25R_HnoCQ3w/o.jpg,Fin + Flounder,4.48E+11,£££,4,5,https://www.yelp.com/biz/fin-flounder-london?adjust_creative=DyUgVCPdVoHcT1xSjEeaEw&utm_campaign=yelp_api_v3&utm_medium=api_v3_business_search&utm_source=DyUgVCPdVoHcT1xSjEeaEw,51.537564,-0.061232,71 Broadway Market,London Fields,Hackney,London,E8 4PH,GB,XGL,"71 Broadway Market, London Fields, Hackney, London E8 4PH",,,seafoodmarkets,Seafood Markets
85,press-london-2,+44 20 7287 2462,234.2806558,a9nibAT0lq28RDTRKy15Cw,https://s3-media2.fl.yelpcdn.com/bphoto/BT2vDucuuO-sLAcoeGIqWw/o.jpg,PRESS,4.42E+11,none,5,2,https://www.yelp.com/biz/press-london-2?adjust_creative=DyUgVCPdVoHcT1xSjEeaEw&utm_campaign=yelp_api_v3&utm_medium=api_v3_business_search&utm_source=DyUgVCPdVoHcT1xSjEeaEw,51.510902,-0.1346108,6 Denman Street,Ham Yard Hotel,,London,W1D 7HD,GB,XGL,"6 Denman Street, Ham Yard Hotel, London W1D 7HD",,,juicebars,Juice Bars & Smoothies
86,the-den-at-st-martins-lane-london-2,+44 20 7300 5500,689.295575,RouMqlhHGlFj4jUr6CIwUA,https://s3-media1.fl.yelpcdn.com/bphoto/Cdbj8vtwAiCwB4pGbnheyw/o.jpg,The Den at St Martins Lane,4.42E+11,£££,5,2,https://www.yelp.com/biz/the-den-at-st-martins-lane-london-2?adjust_creative=DyUgVCPdVoHcT1xSjEeaEw&utm_campaign=yelp_api_v3&utm_medium=api_v3_business_search&utm_source=DyUgVCPdVoHcT1xSjEeaEw,51.510378,-0.1268051,St Martins Lane,45 St Martins Lane,,London,WC2N 4EA,GB,XGL,"St Martins Lane, 45 St Martins Lane, London WC2N 4EA","{alias: lounges, title: Lounges}",,coffee,Coffee & Tea
87,moxons-fishmongers-london-4,+44 20 7704 1120,3256.08953,xjR-PII302WyyNRfpcowDg,https://s3-media1.fl.yelpcdn.com/bphoto/7KUqmTWEBPAypdyhDWnTIQ/o.jpg,Moxons Fishmongers,4.42E+11,££,4.5,3,https://www.yelp.com/biz/moxons-fishmongers-london-4?adjust_creative=DyUgVCPdVoHcT1xSjEeaEw&utm_campaign=yelp_api_v3&utm_medium=api_v3_business_search&utm_source=DyUgVCPdVoHcT1xSjEeaEw,51.5342903,-0.1043094,110 Islington High Street,,,London,N1 8EG,GB,XGL,"110 Islington High Street, London N1 8EG",,,seafoodmarkets,Seafood Markets
88,toast-rack-london,+44 20 8870 5865,7452.069342,n2GKzC9mEVW57i9Frjss2g,https://s3-media4.fl.yelpcdn.com/bphoto/dhBnihN0ZiuZxX9f3x0CZg/o.jpg,Toast Rack,4.42E+11,none,4,4,https://www.yelp.com/biz/toast-rack-london?adjust_creative=DyUgVCPdVoHcT1xSjEeaEw&utm_campaign=yelp_api_v3&utm_medium=api_v3_business_search&utm_source=DyUgVCPdVoHcT1xSjEeaEw,51.4501038,-0.1737526,314 Trinity Road,Wandsworth Common,,London,SW18 3RG,GB,XGL,"314 Trinity Road, Wandsworth Common, London SW18 3RG","{alias: bakeries, title: Bakeries}","{alias: coffee, title: Coffee & Tea}",breakfast_brunch,Breakfast & Brunch
89,caravan-bankside-london,+44 20 7101 1190,2856.875796,AQTIlPokPjjXAlIyMCrdQA,https://s3-media2.fl.yelpcdn.com/bphoto/ztf3Ov5iKVMXa8Jv2zXdJg/o.jpg,Caravan- Bankside,4.42E+11,££,4,5,https://www.yelp.com/biz/caravan-bankside-london?adjust_creative=DyUgVCPdVoHcT1xSjEeaEw&utm_campaign=yelp_api_v3&utm_medium=api_v3_business_search&utm_source=DyUgVCPdVoHcT1xSjEeaEw,51.5045628,-0.0968742,30 Great Guildford Street,,,London,SE1 0HS,GB,XGL,"30 Great Guildford Street, London SE1 0HS","{alias: breakfast_brunch, title: Breakfast & Brunch}","{alias: bars, title: Bars}",coffee,Coffee & Tea
90,koa-coffee-to-go-london,+44 7948 512653,2136.368113,jDtHvh5mVIWPtNaEzn1IkA,https://s3-media3.fl.yelpcdn.com/bphoto/7JTXEeXot9R__VpxGoTzNA/o.jpg,KOA coffee to go,4.48E+11,none,4.5,2,https://www.yelp.com/biz/koa-coffee-to-go-london?adjust_creative=DyUgVCPdVoHcT1xSjEeaEw&utm_campaign=yelp_api_v3&utm_medium=api_v3_business_search&utm_source=DyUgVCPdVoHcT1xSjEeaEw,51.52426253,-0.111134593,41 Rosebery Avenue,London,,London,EC1R 4SH,GB,XGL,"41 Rosebery Avenue, London, London EC1R 4SH","{alias: coffee, title: Coffee & Tea}",,cakeshop,Patisserie/Cake Shop
91,the-barrel-project-london,+44 7769 674598,4450.942127,BFEFHcolKdU2K02wnNz9gA,https://s3-media1.fl.yelpcdn.com/bphoto/o_RndoUfBFbLZ6D74gFVpA/o.jpg,The Barrel Project,4.48E+11,none,4.5,2,https://www.yelp.com/biz/the-barrel-project-london?adjust_creative=DyUgVCPdVoHcT1xSjEeaEw&utm_campaign=yelp_api_v3&utm_medium=api_v3_business_search&utm_source=DyUgVCPdVoHcT1xSjEeaEw,51.4997816,-0.0754219,80 Druid Street,,,London,SE1 2HQ,GB,XGL,"80 Druid Street, London SE1 2HQ",,,breweries,Breweries
92,holy-shot-coffee-london,+44 7398 133008,4737.235845,3BfNESy0WNYZ1GeqNEx8aA,https://s3-media3.fl.yelpcdn.com/bphoto/lezZdr4YBj15Tj-neLRw6g/o.jpg,Holy Shot Coffee,4.47E+11,none,4.5,2,https://www.yelp.com/biz/holy-shot-coffee-london?adjust_creative=DyUgVCPdVoHcT1xSjEeaEw&utm_campaign=yelp_api_v3&utm_medium=api_v3_business_search&utm_source=DyUgVCPdVoHcT1xSjEeaEw,51.5254938,-0.0706442,155 Bethnal Green Road,,,London,E2 7DG,GB,XGL,"155 Bethnal Green Road, London E2 7DG",,,coffee,Coffee & Tea
93,maison-kayser-london,+44 20 3897 2900,1384.112977,eLY5B3ylaMhwEKBldlbKCw,https://s3-media3.fl.yelpcdn.com/bphoto/o4B4lGsfbqE_6Fvd8U1NEA/o.jpg,Maison Kayser,4.42E+11,none,3.5,3,https://www.yelp.com/biz/maison-kayser-london?adjust_creative=DyUgVCPdVoHcT1xSjEeaEw&utm_campaign=yelp_api_v3&utm_medium=api_v3_business_search&utm_source=DyUgVCPdVoHcT1xSjEeaEw,51.51673708,-0.154950105,8 Baker Street,,,London,W1H 6AZ,GB,XGL,"8 Baker Street, London W1H 6AZ","{alias: cakeshop, title: Patisserie/Cake Shop}","{alias: breakfast_brunch, title: Breakfast & Brunch}",cafes,Cafes
94,coffee7-london,+44 20 8534 7774,11907.68267,F2L2YIkF_pOadBXh5Ksq1g,https://s3-media1.fl.yelpcdn.com/bphoto/n_oCpHBz7Wjuu8mGgnfuHQ/o.jpg,Coffee7,4.42E+11,none,4.5,3,https://www.yelp.com/biz/coffee7-london?adjust_creative=DyUgVCPdVoHcT1xSjEeaEw&utm_campaign=yelp_api_v3&utm_medium=api_v3_business_search&utm_source=DyUgVCPdVoHcT1xSjEeaEw,51.5501302,0.0254122,10 Sebert Road,Forest Gate,,London,E7 0NQ,GB,XGL,"10 Sebert Road, Forest Gate, London E7 0NQ","{alias: bagels, title: Bagels}",,coffee,Coffee & Tea
95,the-parlour-london-12,+44 20 8671 0759,7168.464717,7HL9K-MXYZiYXWFcHO5gsw,https://s3-media1.fl.yelpcdn.com/bphoto/GLZhKskCDDbXtvSQHCwTjA/o.jpg,The Parlour,4.42E+11,££,4.5,2,https://www.yelp.com/biz/the-parlour-london-12?adjust_creative=DyUgVCPdVoHcT1xSjEeaEw&utm_campaign=yelp_api_v3&utm_medium=api_v3_business_search&utm_source=DyUgVCPdVoHcT1xSjEeaEw,51.4521117,-0.101192,19 Norwood Road,,,London,SE24 9AA,GB,XGL,"19 Norwood Road, London SE24 9AA","{alias: sandwiches, title: Sandwiches}","{alias: breakfast_brunch, title: Breakfast & Brunch}",juicebars,Juice Bars & Smoothies
96,the-new-black-london-2,+44 20 3051 4696,3580.905203,Q912_ZJphoA5jRrzvsIpsg,https://s3-media2.fl.yelpcdn.com/bphoto/La-Ji-Om3P3MafqmFYjn8A/o.jpg,The New Black,4.42E+11,££,3.5,3,https://www.yelp.com/biz/the-new-black-london-2?adjust_creative=DyUgVCPdVoHcT1xSjEeaEw&utm_campaign=yelp_api_v3&utm_medium=api_v3_business_search&utm_source=DyUgVCPdVoHcT1xSjEeaEw,51.511078,-0.084366,10 Philpot Lane,,,London,EC3M 8AA,GB,XGL,"10 Philpot Lane, London EC3M 8AA",,,coffee,Coffee & Tea
97,fedex-print-shop-london,+44 20 7637 7823,606.1223142,syyCIY9k97JpVgwIJ6eRog,https://s3-media2.fl.yelpcdn.com/bphoto/thcozdeYeUgXdTG0620iqg/o.jpg,Fedex Print Shop,4.42E+11,££,3.5,3,https://www.yelp.com/biz/fedex-print-shop-london?adjust_creative=DyUgVCPdVoHcT1xSjEeaEw&utm_campaign=yelp_api_v3&utm_medium=api_v3_business_search&utm_source=DyUgVCPdVoHcT1xSjEeaEw,51.51744461,-0.140686005,4 Little Portland Street,,,London,W1W 7JB,GB,XGL,"4 Little Portland Street, London W1W 7JB","{alias: couriers, title: Couriers & Delivery Services}","{alias: shipping_centers, title: Shipping Centers}",internetcafe,Internet Cafes
98,shake-shack-victoria-nova-london,+44 1923 555188,1864.362341,rvqrZNpkbem408xvOQHS3Q,https://s3-media3.fl.yelpcdn.com/bphoto/zBqMttq2Ygn9jZ5SuzYR7A/o.jpg,Shake Shack - Victoria Nova,4.42E+11,£££,2.5,8,https://www.yelp.com/biz/shake-shack-victoria-nova-london?adjust_creative=DyUgVCPdVoHcT1xSjEeaEw&utm_campaign=yelp_api_v3&utm_medium=api_v3_business_search&utm_source=DyUgVCPdVoHcT1xSjEeaEw,51.496904,-0.144351,172 Victoria Street,,,London,SW1E 5LB,GB,XGL,"172 Victoria Street, London SW1E 5LB","{alias: milkshakebars, title: Milkshake Bars}","{alias: burgers, title: Burgers}",hotdog,Hot Dogs
99,la-ferme-london-london-3,+44 20 7837 5293,2228.274475,dN3xrdM3JYPhYwiNm1INng,https://s3-media1.fl.yelpcdn.com/bphoto/DDcwSwEAuLuJ4zhFU0_wJg/o.jpg,La Ferme London,4.42E+11,none,4,2,https://www.yelp.com/biz/la-ferme-london-london-3?adjust_creative=DyUgVCPdVoHcT1xSjEeaEw&utm_campaign=yelp_api_v3&utm_medium=api_v3_business_search&utm_source=DyUgVCPdVoHcT1xSjEeaEw,51.524895,-0.110196,102-104 Farringdon Road,,,London,EC1R 3EA,GB,XGL,"102-104 Farringdon Road, London EC1R 3EA","{alias: delicatessen, title: Delicatessen}",,french,French
100,notting-hill-farmers-market-london,+44 20 7833 0338,4161.108093,IuV4PEPl2sTygvcsCKWk_A,https://s3-media2.fl.yelpcdn.com/bphoto/IOxhDsmrRhLnQAGl1dXm7A/o.jpg,Notting Hill Farmers Market,4.42E+11,££,3.5,3,https://www.yelp.com/biz/notting-hill-farmers-market-london?adjust_creative=DyUgVCPdVoHcT1xSjEeaEw&utm_campaign=yelp_api_v3&utm_medium=api_v3_business_search&utm_source=DyUgVCPdVoHcT1xSjEeaEw,51.50826835,-0.195634152,Kensington Church Street,,,London,W11 3LQ,GB,XGL,"Kensington Church Street, London W11 3LQ",,,farmersmarket,Farmers Market
101,london-beer-lab-brixton,+44 20 8396 6517,5663.665739,7b3GuHhDcLji3mTHfa3XOw,https://s3-media2.fl.yelpcdn.com/bphoto/IEFQuCo5C53u9V-SvSK1QQ/o.jpg,London Beer Lab,4.42E+11,£,4.5,4,https://www.yelp.com/biz/london-beer-lab-brixton?adjust_creative=DyUgVCPdVoHcT1xSjEeaEw&utm_campaign=yelp_api_v3&utm_medium=api_v3_business_search&utm_source=DyUgVCPdVoHcT1xSjEeaEw,51.46338117,-0.116378569,Arch 41 Railway Arches,Nursery Road,,Brixton,SW9 8BP,GB,XGL,"Arch 41 Railway Arches, Nursery Road, Brixton SW9 8BP","{alias: beer_and_wine, title: Beer, Wine & Spirits}",,breweries,Breweries
102,carpo-knightsbridge-london,+44 20 7584 2777,2579.718787,yf5UMDuX_srDzWTbgQ30pQ,https://s3-media3.fl.yelpcdn.com/bphoto/sG1YnXmzUMMDSk2rXVsV_A/o.jpg,Carpo Knightsbridge,4.42E+11,£££,4,2,https://www.yelp.com/biz/carpo-knightsbridge-london?adjust_creative=DyUgVCPdVoHcT1xSjEeaEw&utm_campaign=yelp_api_v3&utm_medium=api_v3_business_search&utm_source=DyUgVCPdVoHcT1xSjEeaEw,51.4989501,-0.1658158,5 Montpelier Street,,,London,SW7 1EX,GB,XGL,"5 Montpelier Street, London SW7 1EX","{alias: coffee, title: Coffee & Tea}",,chocolate,Chocolatiers & Shops
103,prime-gelato-london,+44 7840 803338,787.343531,gRC47xECMXBkYS5yYa4bPQ,https://s3-media2.fl.yelpcdn.com/bphoto/Fvy8ZyidKTUNlqyQSLgZWQ/o.jpg,Prime Gelato,4.48E+11,none,5,1,https://www.yelp.com/biz/prime-gelato-london?adjust_creative=DyUgVCPdVoHcT1xSjEeaEw&utm_campaign=yelp_api_v3&utm_medium=api_v3_business_search&utm_source=DyUgVCPdVoHcT1xSjEeaEw,51.5164199,-0.12613,216 Shaftesbury Avenue,,,London,WC2H 8EB,GB,XGL,"216 Shaftesbury Avenue, London WC2H 8EB","{alias: desserts, title: Desserts}","{alias: cakeshop, title: Patisserie/Cake Shop}",icecream,Ice Cream & Frozen Yogurt
104,thames-tandoori-london,+44 20 7978 1488,4656.952794,vG5Ub7NRQRorn6xKxiysKg,https://s3-media2.fl.yelpcdn.com/bphoto/Xk8NH4957irFWxYiySrpfQ/o.jpg,Thames Tandoori,4.42E+11,none,3.5,4,https://www.yelp.com/biz/thames-tandoori-london?adjust_creative=DyUgVCPdVoHcT1xSjEeaEw&utm_campaign=yelp_api_v3&utm_medium=api_v3_business_search&utm_source=DyUgVCPdVoHcT1xSjEeaEw,51.4737781,-0.1602372,172 Battersea Park Road,,,London,SW11 4ND,GB,XGL,"172 Battersea Park Road, London SW11 4ND",,,fooddeliveryservices,Food Delivery Services
105,shake-shack-soho-london,+44 1923 555177,491.7490697,ZXdJg5QbDyFnLFQGi7xsJA,https://s3-media3.fl.yelpcdn.com/bphoto/QWDM4OgHKkk5kOdveoX-NQ/o.jpg,Shake Shack Soho,4.42E+11,none,2.5,7,https://www.yelp.com/biz/shake-shack-soho-london?adjust_creative=DyUgVCPdVoHcT1xSjEeaEw&utm_campaign=yelp_api_v3&utm_medium=api_v3_business_search&utm_source=DyUgVCPdVoHcT1xSjEeaEw,51.51316452,-0.128897995,1 Cambridge Circus,,,London,WC2H 8PA,GB,XGL,"1 Cambridge Circus, London WC2H 8PA","{alias: tradamerican, title: American (Traditional)}","{alias: beerbar, title: Beer Bar}",icecream,Ice Cream & Frozen Yogurt
106,the-coffee-lovers-london-2,+44 20 7498 4779,4305.426116,pPLb7nIwLA9dJ6Kv0zYyNA,https://s3-media1.fl.yelpcdn.com/bphoto/LNyxa5JmIt28R6z3X2bvPA/o.jpg,The Coffee Lovers,4.42E+11,none,5,1,https://www.yelp.com/biz/the-coffee-lovers-london-2?adjust_creative=DyUgVCPdVoHcT1xSjEeaEw&utm_campaign=yelp_api_v3&utm_medium=api_v3_business_search&utm_source=DyUgVCPdVoHcT1xSjEeaEw,51.4742165,-0.1328625,268 Wandsworth Road,,,London,SW8 2JR,GB,XGL,"268 Wandsworth Road, London SW8 2JR","{alias: sandwiches, title: Sandwiches}",,coffee,Coffee & Tea
107,maize-blaze-london,+44 7786 071591,2125.320867,5UBVuxvW3qbetttm_9JK_Q,https://s3-media4.fl.yelpcdn.com/bphoto/DdjqUjxVJOpGJ2KVNBlT1Q/o.jpg,Maize Blaze,4.48E+11,none,5,1,https://www.yelp.com/biz/maize-blaze-london?adjust_creative=DyUgVCPdVoHcT1xSjEeaEw&utm_campaign=yelp_api_v3&utm_medium=api_v3_business_search&utm_source=DyUgVCPdVoHcT1xSjEeaEw,51.54133,-0.14667,,,,London,NW1,GB,XGL,London NW1,"{alias: catering, title: Caterers}",,streetvendors,Street Vendors
108,orange-coffee-london,+44 7813 064584,4943.626501,Li4pVUcASD7fsKPOJGdK3Q,https://s3-media2.fl.yelpcdn.com/bphoto/We3eewLBAJQn12xwR8ke8Q/o.jpg,Orange Coffee,4.48E+11,£,5,1,https://www.yelp.com/biz/orange-coffee-london?adjust_creative=DyUgVCPdVoHcT1xSjEeaEw&utm_campaign=yelp_api_v3&utm_medium=api_v3_business_search&utm_source=DyUgVCPdVoHcT1xSjEeaEw,51.5192667,-0.2066482,272 Portobello Road,,,London,W10 5TY,GB,XGL,"272 Portobello Road, London W10 5TY","{alias: coffee, title: Coffee & Tea}",,streetvendors,Street Vendors
109,t-and-shop-london-2,,5633.727874,tC3eojm3IC3kufVwnVwh9Q,https://s3-media1.fl.yelpcdn.com/bphoto/xThRjqu1E_Tf9CQyTZOooQ/o.jpg,T&SHOP,,££,5,1,https://www.yelp.com/biz/t-and-shop-london-2?adjust_creative=DyUgVCPdVoHcT1xSjEeaEw&utm_campaign=yelp_api_v3&utm_medium=api_v3_business_search&utm_source=DyUgVCPdVoHcT1xSjEeaEw,51.55413,-0.088515,78 Green Lanes,Newington Green,,London,N16 9EJ,GB,XGL,"78 Green Lanes, Newington Green, London N16 9EJ","{alias: furniture, title: Furniture Stores}","{alias: giftshops, title: Gift Shops}",coffee,Coffee & Tea
110,piccalilli-caff-london,+44 20 7237 6892,7272.116494,uX-bMlD_hKiEvDhPrBjxDA,https://s3-media3.fl.yelpcdn.com/bphoto/Gdr6JmkT0uMhR4MabXZqfA/o.jpg,Piccalilli Caff,4.42E+11,££,3.5,3,https://www.yelp.com/biz/piccalilli-caff-london?adjust_creative=DyUgVCPdVoHcT1xSjEeaEw&utm_campaign=yelp_api_v3&utm_medium=api_v3_business_search&utm_source=DyUgVCPdVoHcT1xSjEeaEw,51.499673,-0.033034,Surrey Docks Farm,Rotherhithe Street,,London,SE16 5ET,GB,XGL,"Surrey Docks Farm, Rotherhithe Street, London SE16 5ET",,,coffee,Coffee & Tea
111,black-sheep-coffee-london-8,,4416.470261,odkjiEWBcfMMSvCyPEmEfw,https://s3-media2.fl.yelpcdn.com/bphoto/1dR-ozLi6F5dKVViVsjrvA/o.jpg,Black Sheep Coffee,,£,3.5,3,https://www.yelp.com/biz/black-sheep-coffee-london-8?adjust_creative=DyUgVCPdVoHcT1xSjEeaEw&utm_campaign=yelp_api_v3&utm_medium=api_v3_business_search&utm_source=DyUgVCPdVoHcT1xSjEeaEw,51.5146539,-0.0715978,2 Leman Street,,Aldgate Tower,London,E1 8FA,GB,XGL,"2 Leman Street, Aldgate Tower, London E1 8FA",,,coffee,Coffee & Tea
112,cappuccino-london,+44 20 8780 2964,8063.527906,Nf0SfCeloqhEdKJzDeWPlg,https://s3-media1.fl.yelpcdn.com/bphoto/ZoKthlwKfrvPQORN4ciSOA/o.jpg,Cappuccino,4.42E+11,£,3.5,4,https://www.yelp.com/biz/cappuccino-london?adjust_creative=DyUgVCPdVoHcT1xSjEeaEw&utm_campaign=yelp_api_v3&utm_medium=api_v3_business_search&utm_source=DyUgVCPdVoHcT1xSjEeaEw,51.4610953,-0.2175535,204 Upper Richmond Road,Putney,,London,SW15 6TD,GB,XGL,"204 Upper Richmond Road, Putney, London SW15 6TD","{alias: cafes, title: Cafes}",,coffee,Coffee & Tea
113,rainha-santa-portuguese-foods-london-4,+44 20 8766 9079,3228.050487,1Zjep_ddyiIcJfQLJPzJ_w,https://s3-media2.fl.yelpcdn.com/bphoto/UpFwtTMlely-dCG942MKTw/o.jpg,Rainha Santa Portuguese Foods,4.42E+11,none,5,1,https://www.yelp.com/biz/rainha-santa-portuguese-foods-london-4?adjust_creative=DyUgVCPdVoHcT1xSjEeaEw&utm_campaign=yelp_api_v3&utm_medium=api_v3_business_search&utm_source=DyUgVCPdVoHcT1xSjEeaEw,51.5056103,-0.0907797,Borough Market,8 Southwark Street,,London,SE1 1TL,GB,XGL,"Borough Market, 8 Southwark Street, London SE1 1TL",,,gourmet,Specialty Food
114,the-shan-state-london-2,+44 7808 522825,346.3402638,JghqYOy0lzIyrqd3KwPBFQ,https://s3-media1.fl.yelpcdn.com/bphoto/cn3cvPI-5S2ps2K5PSpTgA/o.jpg,The Shan State,4.48E+11,££,2.5,5,https://www.yelp.com/biz/the-shan-state-london-2?adjust_creative=DyUgVCPdVoHcT1xSjEeaEw&utm_campaign=yelp_api_v3&utm_medium=api_v3_business_search&utm_source=DyUgVCPdVoHcT1xSjEeaEw,51.512226,-0.13104,100 - 102 Shaftesbury Avenue,,,London,W1D 5EF,GB,XGL,"100 - 102 Shaftesbury Avenue, London W1D 5EF","{alias: bubbletea, title: Bubble Tea}","{alias: juicebars, title: Juice Bars & Smoothies}",burmese,Burmese
115,kim-lien-mini-market-london,+44 20 7701 1818,6534.836678,bLG6K0Rg6M7EtBm82j2NBw,https://s3-media4.fl.yelpcdn.com/bphoto/IJpGtyF1DaFMuE2tOb2axQ/o.jpg,Kim Lien Mini Market,4.42E+11,none,5,1,https://www.yelp.com/biz/kim-lien-mini-market-london?adjust_creative=DyUgVCPdVoHcT1xSjEeaEw&utm_campaign=yelp_api_v3&utm_medium=api_v3_business_search&utm_source=DyUgVCPdVoHcT1xSjEeaEw,51.4738958,-0.0652572,47 Peckham High Street,Peckham,,London,SE15 5EB,GB,XGL,"47 Peckham High Street, Peckham, London SE15 5EB",,,grocery,Grocery
116,khp-coffee-house-london-2,+44 20 7704 2485,5087.776029,O4sS55yWGCSdkTZzRe-IjA,https://s3-media1.fl.yelpcdn.com/bphoto/xRd5Etc8hOsCVr61jFp-yA/o.jpg,KHP Coffee House,4.42E+11,££,5,1,https://www.yelp.com/biz/khp-coffee-house-london-2?adjust_creative=DyUgVCPdVoHcT1xSjEeaEw&utm_campaign=yelp_api_v3&utm_medium=api_v3_business_search&utm_source=DyUgVCPdVoHcT1xSjEeaEw,51.54687333,-0.086803974,8 Newington Geeen Road,,,London,N1 4RX,GB,XGL,"8 Newington Geeen Road, London N1 4RX",,,coffee,Coffee & Tea
117,l-orchidee-macarons-and-cakes-westfield-stratford-london-2,+44 20 8503 1332,9625.473346,rcXU0bdymIccYwKZpWAyBQ,https://s3-media2.fl.yelpcdn.com/bphoto/QjvidgKsATrkfr5KIoJKHg/o.jpg,Lorchidee Macarons & Cakes - Westfield Stratford,4.42E+11,none,5,1,https://www.yelp.com/biz/l-orchidee-macarons-and-cakes-westfield-stratford-london-2?adjust_creative=DyUgVCPdVoHcT1xSjEeaEw&utm_campaign=yelp_api_v3&utm_medium=api_v3_business_search&utm_source=DyUgVCPdVoHcT1xSjEeaEw,51.54434586,-0.006359,LG Foor Great Eastern Market,Westfield Stratford City,,London,E20 1EH,GB,XGL,"LG Foor Great Eastern Market, Westfield Stratford City, London E20 1EH","{alias: cakeshop, title: Patisserie/Cake Shop}","{alias: macarons, title: Macarons}",customcakes,Custom Cakes
118,chatime-terrace,+44 7544 843938,4005.822225,g0_YVFx2jCCQ_5LtnLAsPA,https://s3-media2.fl.yelpcdn.com/bphoto/aTJfVC2oJMcw4i_roFiJWQ/o.jpg,Chatime,4.48E+11,£,4,4,https://www.yelp.com/biz/chatime-terrace?adjust_creative=DyUgVCPdVoHcT1xSjEeaEw&utm_campaign=yelp_api_v3&utm_medium=api_v3_business_search&utm_source=DyUgVCPdVoHcT1xSjEeaEw,51.509218,-0.078434,Kiosk B The Vaults,1-12 Tower Hill,,Terrace,EC3N 4EE,GB,XGL,"Kiosk B The Vaults, 1-12 Tower Hill, Terrace EC3N 4EE",,,bubbletea,Bubble Tea
119,burgess-and-hall-wines-london,+44 20 8519 9833,11705.87803,wn5xaxkqfltwGG6XSvNc-g,https://s3-media4.fl.yelpcdn.com/bphoto/xVxVuXYqn1vGbef_Wx34bQ/o.jpg,Burgess & Hall Wines,4.42E+11,none,5,1,https://www.yelp.com/biz/burgess-and-hall-wines-london?adjust_creative=DyUgVCPdVoHcT1xSjEeaEw&utm_campaign=yelp_api_v3&utm_medium=api_v3_business_search&utm_source=DyUgVCPdVoHcT1xSjEeaEw,51.55549028,0.018767081,Arch 353,Winchelsea Road,Forest Gate,London,E7 0AQ,GB,XGL,"Arch 353, Winchelsea Road, Forest Gate, London E7 0AQ","{alias: cafes, title: Cafes}","{alias: beer_and_wine, title: Beer, Wine & Spirits}",wine_bars,Wine Bars
120,tea-and-glory-camden,+44 7714 752348,3409.814394,1OKrknY5Vize2MyC5l31Eg,https://s3-media1.fl.yelpcdn.com/bphoto/0lCqSN2S9n7LBlVsmJ8kEg/o.jpg,Tea & Glory,4.48E+11,£££,4,3,https://www.yelp.com/biz/tea-and-glory-camden?adjust_creative=DyUgVCPdVoHcT1xSjEeaEw&utm_campaign=yelp_api_v3&utm_medium=api_v3_business_search&utm_source=DyUgVCPdVoHcT1xSjEeaEw,51.54267277,-0.1473324,29 Chalk Farm Road,,,Camden,NW1 8AG,GB,XGL,"29 Chalk Farm Road, Camden NW1 8AG",,,coffee,Coffee & Tea
121,the-new-zealand-cellar-london-3,+44 20 3633 3986,5722.769184,ALKXuPhXOg35ftQjzNUW-w,https://s3-media1.fl.yelpcdn.com/bphoto/sCcJ6XFIpPLD2w0f0ruNkQ/o.jpg,The New Zealand Cellar,4.42E+11,££,4,1,https://www.yelp.com/biz/the-new-zealand-cellar-london-3?adjust_creative=DyUgVCPdVoHcT1xSjEeaEw&utm_campaign=yelp_api_v3&utm_medium=api_v3_business_search&utm_source=DyUgVCPdVoHcT1xSjEeaEw,51.4635158,-0.1123349,49 Brixton Station Road,,,London,SW9 8PQ,GB,XGL,"49 Brixton Station Road, London SW9 8PQ","{alias: beer_and_wine, title: Beer, Wine & Spirits}",,wine_bars,Wine Bars
122,mont-ruby-tea-london-2,+44 20 7437 0439,351.8552724,nVhr6R0A3xrE3mloMdraCw,https://s3-media3.fl.yelpcdn.com/bphoto/YidFVBL-cIvUxh8bVXh4oQ/o.jpg,Mont Ruby Tea,4.42E+11,£,2.5,3,https://www.yelp.com/biz/mont-ruby-tea-london-2?adjust_creative=DyUgVCPdVoHcT1xSjEeaEw&utm_campaign=yelp_api_v3&utm_medium=api_v3_business_search&utm_source=DyUgVCPdVoHcT1xSjEeaEw,51.51221195,-0.130971,Unit 100,102 Shaftesbury Avenue,,London,W1D 5EE,GB,XGL,"Unit 100, 102 Shaftesbury Avenue, London W1D 5EE","{alias: desserts, title: Desserts}","{alias: burmese, title: Burmese}",coffeeteasupplies,Coffee & Tea Supplies
123,roasting-plant-coffee-london-2,+44 20 7357 0405,3357.16561,FdvJtM_P3V-LqgHAZaTP2A,https://s3-media3.fl.yelpcdn.com/bphoto/yBwldg5HA6kyxAiNq5VUtA/o.jpg,Roasting Plant Coffee,4.42E+11,none,4,1,https://www.yelp.com/biz/roasting-plant-coffee-london-2?adjust_creative=DyUgVCPdVoHcT1xSjEeaEw&utm_campaign=yelp_api_v3&utm_medium=api_v3_business_search&utm_source=DyUgVCPdVoHcT1xSjEeaEw,51.50633836,-0.088582494,4 Borough High Street,,,London,SE1 9QQ,GB,XGL,"4 Borough High Street, London SE1 9QQ",,,coffeeroasteries,Coffee Roasteries
124,42-beans-london,+44 7400 022101,2615.37781,Uc_NsTwZnARx-PhB0hg7Gw,https://s3-media4.fl.yelpcdn.com/bphoto/horzosPPyovxE1UczBxClg/o.jpg,42 Beans,4.47E+11,££,2.5,3,https://www.yelp.com/biz/42-beans-london?adjust_creative=DyUgVCPdVoHcT1xSjEeaEw&utm_campaign=yelp_api_v3&utm_medium=api_v3_business_search&utm_source=DyUgVCPdVoHcT1xSjEeaEw,51.53619996,-0.140305921,69 Camden High Street,,,London,NW1 7JL,GB,XGL,"69 Camden High Street, London NW1 7JL",,,coffee,Coffee & Tea
125,le-restaurant-de-paul-london-4,+44 20 7562 5599,3625.989402,4sDpF5Twn-nvYl1h-cdlNQ,https://s3-media4.fl.yelpcdn.com/bphoto/NWn8j4iSOCI3OS-4gBm3Fg/o.jpg,Le Restaurant de PAUL,4.42E+11,none,4,1,https://www.yelp.com/biz/le-restaurant-de-paul-london-4?adjust_creative=DyUgVCPdVoHcT1xSjEeaEw&utm_campaign=yelp_api_v3&utm_medium=api_v3_business_search&utm_source=DyUgVCPdVoHcT1xSjEeaEw,51.51529312,-0.084103003,Tower 42 Ground Floor,25 Old Broad Street,,London,EC2N 1HQ,GB,XGL,"Tower 42 Ground Floor, 25 Old Broad Street, London EC2N 1HQ","{alias: bars, title: Bars}","{alias: bakeries, title: Bakeries}",french,French
126,petersham-nurseries-london-2,+44 20 7305 7676,795.32427,1pKaP-xbyv5JMe_gEqNYkQ,https://s3-media2.fl.yelpcdn.com/bphoto/hDEJi9BiAtNtrPXk_K0RYA/o.jpg,Petersham Nurseries,4.42E+11,££££,3,2,https://www.yelp.com/biz/petersham-nurseries-london-2?adjust_creative=DyUgVCPdVoHcT1xSjEeaEw&utm_campaign=yelp_api_v3&utm_medium=api_v3_business_search&utm_source=DyUgVCPdVoHcT1xSjEeaEw,51.5115711,-0.124644,31 King Street,,,London,WC2E 8JD,GB,XGL,"31 King Street, London WC2E 8JD","{alias: delicatessen, title: Delicatessen}","{alias: florists, title: Florists}",gardening,Nurseries & Gardening
127,poptata-london,+44 7947 790254,4980.569463,qivSPoXdi10_pd4vMGfdAQ,https://s3-media4.fl.yelpcdn.com/bphoto/dwLnhbyDU8D97WPP7UpPng/o.jpg,Poptata,4.48E+11,none,4,1,https://www.yelp.com/biz/poptata-london?adjust_creative=DyUgVCPdVoHcT1xSjEeaEw&utm_campaign=yelp_api_v3&utm_medium=api_v3_business_search&utm_source=DyUgVCPdVoHcT1xSjEeaEw,51.518833,-0.207494,Portobello Market,Portobello Road,,London,W10 5TZ,GB,XGL,"Portobello Market, Portobello Road, London W10 5TZ",,,streetvendors,Street Vendors
128,simply-fresh-london,+44 20 8981 2996,6497.740226,aL1Wi26Fd2-YPqq9fVy7kw,https://s3-media2.fl.yelpcdn.com/bphoto/U9cSQAcXYcCkSIoO-nza8Q/o.jpg,Simply Fresh,4.42E+11,none,3,2,https://www.yelp.com/biz/simply-fresh-london?adjust_creative=DyUgVCPdVoHcT1xSjEeaEw&utm_campaign=yelp_api_v3&utm_medium=api_v3_business_search&utm_source=DyUgVCPdVoHcT1xSjEeaEw,51.52948257,-0.045933324,201-203 Roman Road,,,London,E2 0QY,GB,XGL,"201-203 Roman Road, London E2 0QY",,,markets,Fruits & Veggies
129,pure-london-36,+44 20 7240 1555,8157.654088,hhmdHYIVEAB09raWyuKriw,https://s3-media1.fl.yelpcdn.com/bphoto/rjXSqRkFHGaOl2cbL6Zmpw/o.jpg,Pure,4.42E+11,none,4,1,https://www.yelp.com/biz/pure-london-36?adjust_creative=DyUgVCPdVoHcT1xSjEeaEw&utm_campaign=yelp_api_v3&utm_medium=api_v3_business_search&utm_source=DyUgVCPdVoHcT1xSjEeaEw,51.5052052,-0.0187213,One Canada Square,Unit 463,,London,E14 5AX,GB,XGL,"One Canada Square, Unit 463, London E14 5AX","{alias: salad, title: Salad}","{alias: coffee, title: Coffee & Tea}",juicebars,Juice Bars & Smoothies
130,milkshake-city-london,+44 20 8362 0957,11191.97237,0Xw6dMbFUCRfwXuCqG_VHg,https://s3-media3.fl.yelpcdn.com/bphoto/QajSLOYZs_bj0J0BQCmzag/o.jpg,Milkshake City,4.42E+11,£,2.5,3,https://www.yelp.com/biz/milkshake-city-london?adjust_creative=DyUgVCPdVoHcT1xSjEeaEw&utm_campaign=yelp_api_v3&utm_medium=api_v3_business_search&utm_source=DyUgVCPdVoHcT1xSjEeaEw,51.61236,-0.15873,2 Halliwick Court Parade,Woodhouse Road,,London,N12 0NB,GB,XGL,"2 Halliwick Court Parade, Woodhouse Road, London N12 0NB",,,icecream,Ice Cream & Frozen Yogurt
131,apadana-restaurant-london-4,+44 20 8616 3663,7396.344451,NnvE-0SngvFjA0FXZB1MpA,https://s3-media1.fl.yelpcdn.com/bphoto/ZuwJuSccAwK5zEd-8BN2Sw/o.jpg,Apadana Restaurant,4.42E+11,none,4,1,https://www.yelp.com/biz/apadana-restaurant-london-4?adjust_creative=DyUgVCPdVoHcT1xSjEeaEw&utm_campaign=yelp_api_v3&utm_medium=api_v3_business_search&utm_source=DyUgVCPdVoHcT1xSjEeaEw,51.4855571,-0.2334077,201 Castelnau,Barnes,,London,SW13 9ER,GB,XGL,"201 Castelnau, Barnes, London SW13 9ER","{alias: coffee, title: Coffee & Tea}",,persian,Persian/Iranian
132,davys-wine-shop-london,+44 20 7716 3322,9295.895901,IMsnXQK5A0-MaHJZ7ny-AQ,https://s3-media1.fl.yelpcdn.com/bphoto/qaACXlo2XSp6zrq5f3IyqA/o.jpg,Davys Wine Shop,4.42E+11,£££,4,1,https://www.yelp.com/biz/davys-wine-shop-london?adjust_creative=DyUgVCPdVoHcT1xSjEeaEw&utm_campaign=yelp_api_v3&utm_medium=api_v3_business_search&utm_source=DyUgVCPdVoHcT1xSjEeaEw,51.4775012,-0.014259367,171 Greenwich High Road,,,London,SE10 8JA,GB,XGL,"171 Greenwich High Road, London SE10 8JA","{alias: winetastingroom, title: Wine Tasting Room}","{alias: venues, title: Venues & Event Spaces}",beer_and_wine,"Beer, Wine & Spirits"
133,wild-card-brewery-london,+44 20 7998 6880,11864.15646,Jf9kCiMIq4HF-oMmNkteIw,https://s3-media3.fl.yelpcdn.com/bphoto/ATNIQ3CBYL4JLr08y0xz2w/o.jpg,Wild Card Brewery,4.42E+11,£,4,1,https://www.yelp.com/biz/wild-card-brewery-london?adjust_creative=DyUgVCPdVoHcT1xSjEeaEw&utm_campaign=yelp_api_v3&utm_medium=api_v3_business_search&utm_source=DyUgVCPdVoHcT1xSjEeaEw,51.58355372,-0.007477645,Unit 7,Ravenswood Industrial Estate,Shernhall Street,London,E17 9HQ,GB,XGL,"Unit 7, Ravenswood Industrial Estate, Shernhall Street, London E17 9HQ",,,breweries,Breweries
134,rosie-qs-london,+44 20 8605 2175,13461.9491,9_qH-V7gbobLlDSQDT5PEQ,https://s3-media2.fl.yelpcdn.com/bphoto/2WPhOrTZVWvImzdqmMIzRA/o.jpg,Rosie Qs,4.42E+11,££,3,2,https://www.yelp.com/biz/rosie-qs-london?adjust_creative=DyUgVCPdVoHcT1xSjEeaEw&utm_campaign=yelp_api_v3&utm_medium=api_v3_business_search&utm_source=DyUgVCPdVoHcT1xSjEeaEw,51.414157,-0.2485377,255 Coombe Lane,,,London,SW20 0RH,GB,XGL,"255 Coombe Lane, London SW20 0RH",,,coffee,Coffee & Tea
135,cpress-canary-wharf-canary-wharf,+44 20 7519 6599,8280.205497,XnqlIvmuVkepiwzLxpeZXw,https://s3-media1.fl.yelpcdn.com/bphoto/y5-oq4xMqtDlLzCFp55KWQ/o.jpg,CPRESS - Canary Wharf,4.42E+11,none,5,2,https://www.yelp.com/biz/cpress-canary-wharf-canary-wharf?adjust_creative=DyUgVCPdVoHcT1xSjEeaEw&utm_campaign=yelp_api_v3&utm_medium=api_v3_business_search&utm_source=DyUgVCPdVoHcT1xSjEeaEw,51.5052895,-0.016927,7 Crossrail Walk,,,Canary Wharf,E14 5GL,GB,XGL,"7 Crossrail Walk, Canary Wharf E14 5GL","{alias: juicebars, title: Juice Bars & Smoothies}",,coffee,Coffee & Tea
136,health-town-london-2,+44 20 7435 8833,5610.131492,N4QXIZbBByLhJUA22-1zmQ,https://s3-media1.fl.yelpcdn.com/bphoto/oLYatzY3O8Zor6wMraPWNA/o.jpg,Health Town,4.42E+11,££,3,1,https://www.yelp.com/biz/health-town-london-2?adjust_creative=DyUgVCPdVoHcT1xSjEeaEw&utm_campaign=yelp_api_v3&utm_medium=api_v3_business_search&utm_source=DyUgVCPdVoHcT1xSjEeaEw,51.5497947,-0.1911643,194 West End Lane,,,London,NW6 1SG,GB,XGL,"194 West End Lane, London NW6 1SG","{alias: massage, title: Massage}","{alias: yoga, title: Yoga}",healthmarkets,Health Markets
137,the-black-chapel-wandsworth,+44 7850 573923,7443.656816,0CNz7Dx6I9igR24RKpRF1w,https://s3-media1.fl.yelpcdn.com/bphoto/zmPIqNfjKmwZ-5whxFkVow/o.jpg,The Black Chapel,4.48E+11,££,3.5,3,https://www.yelp.com/biz/the-black-chapel-wandsworth?adjust_creative=DyUgVCPdVoHcT1xSjEeaEw&utm_campaign=yelp_api_v3&utm_medium=api_v3_business_search&utm_source=DyUgVCPdVoHcT1xSjEeaEw,51.45680114,-0.194771394,1 Chapel Yard,,,Wandsworth,SW18 4HZ,GB,XGL,"1 Chapel Yard, Wandsworth SW18 4HZ",,,coffee,Coffee & Tea
138,magus-and-the-fool-art-café-london,+44 20 8980 6344,7009.832564,5rXUEcOAORmQtFLY_J5Wsg,https://s3-media2.fl.yelpcdn.com/bphoto/JsWg3XnQdMXfO_ZRujIPpw/o.jpg,Magus & the Fool - Art Café,4.42E+11,£,5,1,https://www.yelp.com/biz/magus-and-the-fool-art-caf%C3%A9-london?adjust_creative=DyUgVCPdVoHcT1xSjEeaEw&utm_campaign=yelp_api_v3&utm_medium=api_v3_business_search&utm_source=DyUgVCPdVoHcT1xSjEeaEw,51.5312506,-0.0390237,357 Roman Road,,,London,E3 5QR,GB,XGL,"357 Roman Road, London E3 5QR","{alias: breakfast_brunch, title: Breakfast & Brunch}","{alias: galleries, title: Art Galleries}",coffee,Coffee & Tea
139,hackney-church-brew-london-2,+44 20 8985 3496,6940.569602,5YaKFTy-TF7Ma6K5dqFvZw,https://s3-media2.fl.yelpcdn.com/bphoto/8YC2hsdhWAPpSCJE4spehw/o.jpg,Hackney Church Brew,4.42E+11,none,5,1,https://www.yelp.com/biz/hackney-church-brew-london-2?adjust_creative=DyUgVCPdVoHcT1xSjEeaEw&utm_campaign=yelp_api_v3&utm_medium=api_v3_business_search&utm_source=DyUgVCPdVoHcT1xSjEeaEw,51.5473845,-0.0523933,17 Bohemia Place,,,London,E8 1DU,GB,XGL,"17 Bohemia Place, London E8 1DU",,,brewpubs,Brewpubs
140,chapter-coffee-roasters-london,+44 20 3875 3655,5465.508163,kpNbaGRBwC3I7OPqQNqimg,https://s3-media4.fl.yelpcdn.com/bphoto/cYl86sYehuDBa-Lb2W4tig/o.jpg,Chapter Coffee Roasters,4.42E+11,none,4,1,https://www.yelp.com/biz/chapter-coffee-roasters-london?adjust_creative=DyUgVCPdVoHcT1xSjEeaEw&utm_campaign=yelp_api_v3&utm_medium=api_v3_business_search&utm_source=DyUgVCPdVoHcT1xSjEeaEw,51.4917664,-0.2072958,137 North End Road,,,London,W14 8UP,GB,XGL,"137 North End Road, London W14 8UP","{alias: cocktailbars, title: Cocktail Bars}",,coffeeroasteries,Coffee Roasteries
141,burrito-mex-london,+44 20 8355 4077,8693.25051,GyNdrEcyg_AJOjNdofpgnQ,https://s3-media2.fl.yelpcdn.com/bphoto/yHnZixZyMmm8TwXguY9XYA/o.jpg,Burrito Mex,4.42E+11,none,4,1,https://www.yelp.com/biz/burrito-mex-london?adjust_creative=DyUgVCPdVoHcT1xSjEeaEw&utm_campaign=yelp_api_v3&utm_medium=api_v3_business_search&utm_source=DyUgVCPdVoHcT1xSjEeaEw,51.44162016,-0.187747926,368 Garratt Lane,,,London,SW18 4ES,GB,XGL,"368 Garratt Lane, London SW18 4ES","{alias: mexican, title: Mexican}",,coffee,Coffee & Tea
142,bottle-apostle-london-3,+44 20 3376 1447,6466.299733,xSq2igaB0rODToQU0SY2OQ,https://s3-media4.fl.yelpcdn.com/bphoto/w95rXFQ1Bpx1lpuG9yxbqQ/o.jpg,Bottle Apostle,4.42E+11,£££,1,1,https://www.yelp.com/biz/bottle-apostle-london-3?adjust_creative=DyUgVCPdVoHcT1xSjEeaEw&utm_campaign=yelp_api_v3&utm_medium=api_v3_business_search&utm_source=DyUgVCPdVoHcT1xSjEeaEw,51.4547289,-0.1396804,59 Abbeville Road,,,London,SW4 9JW,GB,XGL,"59 Abbeville Road, London SW4 9JW",,,beer_and_wine,"Beer, Wine & Spirits"
143,pressure-drop-brewing-tottenham-hale,+44 20 8801 0616,10183.82593,XSKNRv21jlhfdCIxRowTXg,https://s3-media1.fl.yelpcdn.com/bphoto/pwI8w95V1QCuhAJqiOCXkg/o.jpg,Pressure Drop Brewing,4.42E+11,none,5,1,https://www.yelp.com/biz/pressure-drop-brewing-tottenham-hale?adjust_creative=DyUgVCPdVoHcT1xSjEeaEw&utm_campaign=yelp_api_v3&utm_medium=api_v3_business_search&utm_source=DyUgVCPdVoHcT1xSjEeaEw,51.59056577,-0.058062751,Unit 6 Lockwood Industrial Estate,Millmead Rd,,Tottenham Hale,N17 9QP,GB,XGL,"Unit 6 Lockwood Industrial Estate, Millmead Rd, Tottenham Hale N17 9QP",,,breweries,Breweries